Ereignisse;;;;;;;;;;;;;;;;;;;;;;
id;category;title;description;phase;year;Gewichtung;moneyChange;zeitsteinChange;bildungUndKarriereChange;sozialesUndFreizeitChange;modifierId1;"modifierValue1
percentage";modifierId2;modifierValue2;modifierId3;modifierValue3;prerequisiteCardId;prerequisiteStatusId1;prerequisiteStatusId2;;;Quellzeile Kartei
e1;BILDUNG_UND_KARRIERE;Beziehungskrise;Du streitest dich nur noch mit deiner Partnerin und findest deshalb keine Zeit für die Hausarbeit. Den entstandenen Rückstand aufzuholen, kostet viel Zeit.;1;2;4;;-1;;;;;;;;;e110;;;;Hochzeit;
e2;BILDUNG_UND_KARRIERE;Teilnahme an Coaching-Seminaren;Glückwunsch! Deine Teilnahme an Coaching-Seminaren zahlt sich aus: Du gewinnst bei einem Wettbewerb für junge Führungskräfte den ersten Platz und erhältst eine Finanzspritze von 5.000 € für dein erstes Start-up.;1;1;;5000;;;;;;;;;;;;;;;
e3;BILDUNG_UND_KARRIERE;Auszeichnung;Herzlichen Glückwunsch! Deine Bewerbung für die Auszeichnung für besondere Prüfungsleistungen war erfolgreich.;1;1;;;;1;;;;;;;;;;;;;
e4;BILDUNG_UND_KARRIERE;Neue Liebe;Du bist verliebt und vernachlässigst dadurch deine (Lern-)Pflichten. Alles wieder aufzuholen, kostet viel Zeit.;1;1;;;-1;;;;;;;;;;;;;;
e5;BILDUNG_UND_KARRIERE;Neue Wohnung;Du ziehst um. Aufgrund des Umzugstresses vernachlässigst du deine anderen Verpflichtungen.;1;2;;;-1;;;;;;;;;;;;;;
e6;BILDUNG_UND_KARRIERE;Stress;Der Druck setzt dir zu, und du schläfst nicht genug. Deshalb nimmst du dir eine Auszeit.;1;2;;;-1;;;;;;;;;;;;;;
e7;BILDUNG_UND_KARRIERE;Beförderung;Du wirst befördert – dein Gehalt erhöht sich dieses Jahr um 20 %, das verlangt jedoch mehr Arbeitszeit.;1;2;;;-1;1;;GEHALT;120;;;;;;HAS_JOB;;;;
e8;BILDUNG_UND_KARRIERE;Leadership-Seminare;Deine Teamleitung erkennt dein Potenzial. Zweimal im Monat besuchst du ein Leadership-Seminar und bekommst dein eigenes Team, um das Gelernte umzusetzen.;1;;;;;1;;;;;;;;;HAS_JOB;;;;
e9;BILDUNG_UND_KARRIERE;Kündigung;Du hast dich mit deinem gesamten Kollegium zerstritten. Aus Frust kündigst du unüberlegt deinen Job und erhältst dieses Jahr kein Einkommen mehr. Da du keinen Job mehr hast, erhältst du einen zusätzlichen Zeitstein.;1;2;;;;;;JOBVERLUST;;;;;;;HAS_JOB;;;;
e10;BILDUNG_UND_KARRIERE;Mit Vitamin B die Karriere ankurbeln;Dein Onkel lässt seine Beziehungen spielen, und du erhältst eine Beförderung. Dein Gehalt steigt dadurch in diesem Jahr um 20 %.;1;;;;;1;;GEHALT;120;;;;;;HAS_JOB;;;;
e11;BILDUNG_UND_KARRIERE;Work-Life-Balance;Du hast die optimale Mitte gefunden. Es eröffnen sich zahlreiche neue Möglichkeiten.;1;1;;;;1;;;;;;;;;;;;;
e12;BILDUNG_UND_KARRIERE;Fachwirtqualifikation (mit Job);Du entscheidest dich für eine achtmonatige berufsbegleitende Weiterbildung und reduzierst dafür deine Arbeitszeit auf 70 %. Dein Gehalt sinkt entsprechend.;1;;;;;2;;GEHALT;70;;;;;;HAS_JOB;;;;
e13;BILDUNG_UND_KARRIERE;Fachwirtqualifikation (ohne Job);Du entscheidest dich für eine achtmonatige berufsbegleitende Weiterbildung. Ohne Job bezahlst du sie mit 8.000 € selbst.;1;;;-8000;;2;;;;;;;;;HAS_NO_JOB;;;;
e14;BILDUNG_UND_KARRIERE;Meisterprüfung (mit Job);Du absolvierst eine achtmonatige berufsbegleitende Weiterbildung und erwirbst den Meistertitel. Dafür reduzierst du deine Arbeitszeit auf 70 %, dein Gehalt sinkt entsprechend.;1;2;;;;2;;GEHALT;70;;;;;;HAS_JOB;;;;
e15;BILDUNG_UND_KARRIERE;Meisterprüfung (ohne Job);Du absolvierst eine achtmonatige berufsbegleitende Weiterbildung und erwirbst den Meistertitel. Ohne Job bezahlst du sie mit 8.000 € selbst.;1;2;;-8000;;2;;;;;;;;;HAS_NO_JOB;;;;
e16;BILDUNG_UND_KARRIERE;Elite-Internat;Du schickst deine Kinder auf ein Elite-Internat, um ihre beruflichen Chancen zu verbessern. Gleichzeitig knüpfst du bei deinen Besuchen wertvolle Kontakte zu Eltern aus aller Welt.;2;;4;-50000;;1;;;;;;;;;HAS_CHILD;;;;
e17;BILDUNG_UND_KARRIERE;Beförderung;Du wirst befördert – dein Gehalt erhöht sich dieses Jahr um 20 %.;2;;;;-1;1;;GEHALT;120;;;;;;HAS_JOB;;;;
e18;BILDUNG_UND_KARRIERE;Jobverlust;Du hast dich mit deinem Team überworfen. Eine Zusammenarbeit ist nicht mehr möglich. Du kündigst und erhältst ab diesem Jahr kein Einkommen. Aufgrund des Jobverlusts erhältst du einen zusätzlichen Zeitstein.;2;;;;;;;JOBVERLUST;;;;;;;HAS_JOB;;;;
e19;BILDUNG_UND_KARRIERE;Karriere-Boost;Dein großes Engagement in der Obdachlosenhilfe begeistert den Bürgermeister. Deshalb schlägt er dich für ein Stipendienprogramm vor. Du wirst ausgewählt und erhältst 12.000 € Unterstützung.;2;;;12000;;;;;;;;;;;;;;;
e20;BILDUNG_UND_KARRIERE;Work-Life-Balance;Du hast die optimale Mitte gefunden und eine neue Routine entwickelt. Es eröffnen sich zahlreiche neue Möglichkeiten.;2;;;;;1;;;;;;;;;;;;;
e21;BILDUNG_UND_KARRIERE;Stress;Du kannst mit dem Druck nicht umgehen und schläfst nicht genug. Dadurch bist du zunehmend unfreundlich zu deinem Kollegium. Das schadet deinem Netzwerk sehr. Es wieder aufzubauen, kostet dich einen Zeitstein.;2;;;;-1;;;;;;;;;;HAS_JOB;;;;
e22;BILDUNG_UND_KARRIERE;Finanzierung private Universität;Du ermöglichst deinem Kind den Besuch einer privaten Universität und profitierst selbst: Deine Besuche vor Ort erweitern auch deinen eigenen Horizont.;3;;4;-70000;;1;;;;;;;;;HAS_CHILD;;;;
e23;BILDUNG_UND_KARRIERE;Beförderung;Du wirst befördert und dein Gehalt steigt in diesem Jahr um 30 %. Da sich deine Arbeitszeiten erhöhen, verlierst du einen Zeitstein.;3;;;;-1;1;;GEHALT;130;;;;;;HAS_JOB;;;;
e24;BILDUNG_UND_KARRIERE;Karriere-Boost;Dein großes Engagement in einem Flüchtlingsheim begeistert den Bürgermeister. Deshalb schlägt er dich für ein Stipendienprogramm vor. Du wirst ausgewählt und erhältst 8.000 € Unterstützung.;3;;;8000;;;;;;;;;;;;;;;
e25;BILDUNG_UND_KARRIERE;Stress;Du kannst mit dem Druck nicht umgehen und schläfst nicht genug. Dadurch bist du zunehmend unfreundlich zu deinem Kollegium. Das schadet deinem Netzwerk sehr. Es wieder aufzubauen, kostet dich einen Zeitstein.;3;;;;-1;;;;;;;;;;HAS_JOB;;;;
e26;BILDUNG_UND_KARRIERE;Netzwerktreffen;Auf einem Netzwerktreffen für junge Absolventinnen und Absolventen erweiterst du dein berufliches Netzwerk und lernst neue Menschen kennen.;3;;;-20000;;1;;;;;;;;;;;;;
e27;BILDUNG_UND_KARRIERE;Talentscout;Schon länger hast du die Aufmerksamkeit eines Talentscouts auf dich gezogen. Nun bekommst du die einmalige Gelegenheit, dich in einem Profifußballclub zu beweisen.;2;;4;;;1;;;;;;;;suf25;;;;im Fußballverein;
e28;BILDUNG_UND_KARRIERE;Work-Life-Balance;Du hast die optimale Mitte gefunden und eine neue Routine entwickelt. Es eröffnen sich zahlreiche neue Möglichkeiten.;3;;;;;1;;;;;;;;;;;;;
e29;BILDUNG_UND_KARRIERE;Jobkündigung;Du hast dich mit deinem Kollegium zerstritten. Aus Frust kündigst du unüberlegt deinen Job und erhältst bereits dieses Jahr kein Einkommen mehr. Aufgrund des Jobverlusts erhältst du einen zusätzlichen Zeitstein.;3;;;;;;;JOBVERLUST;;;;;;;HAS_JOB;;;;
e30;BILDUNG_UND_KARRIERE;Auszeichnung;Glückwunsch, deine Bewerbung um eine Auszeichnung für besondere Prüfungsleistungen war erfolgreich und du erhältst sogar nachträglich einen Teil deiner BAföG-Schulden zurück.;2;;4;8000;;1;;;;;;;;j2;;;;"Studium
abgeschlossen";
e31;BILDUNG_UND_KARRIERE;Erkranktes Familienmitglied;In deiner Familie erkrankt eine dir nahestehende Person schwer. Du kümmerst dich um eine geeignete Behandlungsmethode, verpasst dadurch aber eine wichtige Fortbildung. Dies führt zum Verlust eines Zeitsteins.;2;;;;-1;;;;;;;;;;;;;;
e32;BILDUNG_UND_KARRIERE;Beziehungskrise;Du entscheidest dich für eine Paartherapie, um deine Beziehung zu retten. Allerdings bleibt dir dadurch vorerst wenig Zeit für deine Bildung/Karriere.;2;;4;;-1;;;;;;;;;e110;;;;Hochzeit;
e33;BILDUNG_UND_KARRIERE;Abschalten smarte Endgeräte;Schalte deine smarten Endgeräte jeden Abend um 18 Uhr ab, um deine Konzentration zu erhöhen. Du verpasst dadurch aber wichtige Investitionschancen, weshalb du dieses Jahr keine Investitionen mehr (ver-)kaufen kannst.;2;;;;;1;;INVESTITIONSSPERRE;;;;;;;;;;;
e34;BILDUNG_UND_KARRIERE;Fehlendes Wissen;Mit den Jahren hast du viele Themen aus deiner Ausbildung vergessen, weil du sie nicht wiederholt hast. Das wird nun zum Problem und kostet dich einen Zeitstein.;3;;;;-1;;;;;;;;;;;;;;
e35;BILDUNG_UND_KARRIERE;Abschalten smarte Endgeräte;Schalte deine smarten Endgeräte jeden Abend um 18 Uhr ab, um deine Konzentration zu erhöhen. Du verpasst dadurch aber wichtige Investitionschancen, weshalb du dieses Jahr keine Investitionen mehr (ver-)kaufen kannst.;3;;;;;1;;INVESTITIONSSPERRE;;;;;;;;;;;
e36;BILDUNG_UND_KARRIERE;Auszeichnung;In Anerkennung deiner herausragenden Verdienste und deines langjährigen Engagements verleiht dir deine Heimatuniversität die Ehrendoktorwürde.;3;;4;;;1;;;;;;;;j49;;;;"Promotion 
abgeschlossen";
e37;BILDUNG_UND_KARRIERE;Kinderbetreuung;Dein Kind hat Schwierigkeiten in der Schule und braucht mehr Aufmerksamkeit. Du verbringst deine Freizeit nun vermehrt mit deinem Nachwuchs und bildest dich weniger weiter.;3;;4;;-1;;;;;;;;;;HAS_CHILD;;;;
e38;BILDUNG_UND_KARRIERE;Jobverlust;Die wirtschaftliche Lage ist angespannt und es kommt zu zahlreichen Entlassungen. Auch du bist betroffen und wirst entlassen. Da du keinen Job mehr hast, erhältst du einen zusätzlichen Zeitstein.;1;;;;;;;JOBVERLUST;;;;;;;HAS_JOB;;;;
e39;BILDUNG_UND_KARRIERE;Jobverlust;Die wirtschaftliche Lage ist angespannt und es kommt zu zahlreichen Entlassungen. Auch du bist betroffen und wirst entlassen. Da du keinen Job mehr hast, erhältst du einen zusätzlichen Zeitstein.;2;;;;;;;JOBVERLUST;;;;;;;HAS_JOB;;;;
e40;BILDUNG_UND_KARRIERE;Jobverlust;Die wirtschaftliche Lage ist angespannt und es kommt zu zahlreichen Entlassungen. Auch du bist betroffen und wirst entlassen. Da du keinen Job mehr hast, erhältst du einen zusätzlichen Zeitstein.;3;;;;;;;JOBVERLUST;;;;;;;HAS_JOB;;;;
e41;BILDUNG_UND_KARRIERE;Kurzarbeit;Die wirtschaftliche Lage ist angespannt und es kommt zu Kurzarbeit. Du erhältst für dieses Jahr nur noch 50 % deines Gehalts.;1;;;;;;;GEHALT;50;;;;;;HAS_JOB;;;;
e42;BILDUNG_UND_KARRIERE;Kurzarbeit;Die wirtschaftliche Lage ist angespannt und es kommt zu Kurzarbeit. Du erhältst für dieses Jahr nur noch 50 % deines Gehalts.;2;;;;;;;GEHALT;50;;;;;;HAS_JOB;;;;
e43;BILDUNG_UND_KARRIERE;Kurzarbeit;Die wirtschaftliche Lage ist angespannt und es kommt zu Kurzarbeit. Du erhältst für dieses Jahr nur noch 50 % deines Gehalts.;3;;;;;;;GEHALT;50;;;;;;HAS_JOB;;;;
e44;BILDUNG_UND_KARRIERE;Berufsunfähigkeitsversicherung;Eine chronische Sehnenscheidenentzündung zwingt dich, deinen Beruf aufzugeben. Mit einer Berufsunfähigkeitsversicherung erhältst du trotz Jobverlust dein Gehalt weiter. Zum neuen Jahr kannst du einen neuen Job aufnehmen.;1;;;;;;;BERUFSUNFÄHIGKEITSVERSICHERUNG;;;;;;;HAS_JOB;;;;
e45;BILDUNG_UND_KARRIERE;Berufsunfähigkeitsversicherung;Ein Bandscheibenvorfall führt zu chronischen Rückenproblemen. Du kannst deinen Beruf nicht mehr ausüben. Mit einer Berufsunfähigkeitsversicherung erhältst du trotz Jobverlust dein Gehalt weiter. Zum neuen Jahr kannst du einen neuen Job aufnehmen.;1;;;;;;;BERUFSUNFÄHIGKEITSVERSICHERUNG;;;;;;;HAS_JOB;;;;
e46;BILDUNG_UND_KARRIERE;Berufsunfähigkeitsversicherung;Du leidest gelegentlich unter Schlafstörungen. Sie stören deinen Arbeitsalltag, hindern dich aber nicht an der Berufsausübung. Eine Berufsunfähigkeitsversicherung greift erst bei dauerhaften Einschränkungen. Du gibst deshalb in jedem Fall einen Zeitstein ab.;1;;;;-1;;;;;;;;;;HAS_JOB;;;;
e47;BILDUNG_UND_KARRIERE;Berufsunfähigkeitsversicherung;Du leidest unter schweren Depressionen und kannst deinen Beruf über Monate nicht mehr ausüben. Mit einer Berufsunfähigkeitsversicherung erhältst du trotz Jobverlust dein Gehalt weiter. Zum neuen Jahr kannst du einen neuen Job aufnehmen.;2;;;;;;;BERUFSUNFÄHIGKEITSVERSICHERUNG;;;;;;;HAS_JOB;;;;
e48;BILDUNG_UND_KARRIERE;Berufsunfähigkeitsversicherung;Ein Schlaganfall lähmt dich halbseitig. Trotz Reha bleibt die Lähmung, du kannst deinen Beruf nicht mehr ausüben. Mit einer Berufsunfähigkeitsversicherung erhältst du trotz Jobverlust dein Gehalt weiter. Zum neuen Jahr kannst du einen neuen Job aufnehmen.;2;;;;;;;BERUFSUNFÄHIGKEITSVERSICHERUNG;;;;;;;HAS_JOB;;;;
e49;BILDUNG_UND_KARRIERE;Berufsunfähigkeitsversicherung;Bei einem Unfall erleidest du eine dauerhafte Querschnittslähmung und kannst deinen Beruf nicht mehr ausüben. Mit einer Berufsunfähigkeitsversicherung erhältst du trotz Jobverlust dein Gehalt weiter. Zum neuen Jahr kannst du einen neuen Job aufnehmen.;3;;;;;;;BERUFSUNFÄHIGKEITSVERSICHERUNG;;;;;;;HAS_JOB;;;;
e50;BILDUNG_UND_KARRIERE;Berufsunfähigkeitsversicherung;Beim Sport brichst du dir mehrere Wirbel. Die Folgen schränken dich so stark ein, dass du deinen Beruf aufgeben musst. Mit einer Berufsunfähigkeitsversicherung erhältst du trotz Jobverlust dein Gehalt weiter. Zum neuen Jahr kannst du einen neuen Job aufnehmen.;3;;;;;;;BERUFSUNFÄHIGKEITSVERSICHERUNG;;;;;;;HAS_JOB;;;;
e51;BILDUNG_UND_KARRIERE;Trennung;Deine Partnerin beendet die Beziehung. Das macht sich auch bei der Arbeit bemerkbar, weshalb dir deine Führungskraft zu einer psychotherapeutischen Behandlung rät. Die liegengebliebene Arbeit musst du später aufholen, das kostet dich einen Zeitstein.;1;;;;-1;;;;;;;;;;HAS_JOB;;;;
e52;BILDUNG_UND_KARRIERE;Kurzarbeit;Die wirtschaftliche Lage ist angespannt und es kommt zu Kurzarbeit. Du erhältst für dieses Jahr nur noch 80 % deines Gehalts.;1;2;;;;;;GEHALT;80;;;;;;HAS_JOB;;;;
e53;BILDUNG_UND_KARRIERE;Arbeitszeitverkürzung;Du möchtest dich privat weiterentwickeln und beginnst eine Weiterbildung am Abend. Damit du Zeit zum Lernen hast, arbeitest du in diesem Jahr nur noch 70 %. Dein Gehalt wird dementsprechend gekürzt.;1;;;;;1;;GEHALT;70;;;;;;HAS_JOB;;;;
e54;BILDUNG_UND_KARRIERE;Kurzarbeit;Die wirtschaftliche Lage ist angespannt und es kommt zu Kurzarbeit. Du erhältst für dieses Jahr nur noch 60 % deines Gehalts.;2;;;;;;;GEHALT;60;;;;;;HAS_JOB;;;;
e55;BILDUNG_UND_KARRIERE;Lohnerhöhung;Die Gehaltsverhandlungen mit deinen Vorgesetzten liefen sehr gut und du bekommst in diesem Jahr 30 % mehr Gehalt.;1;2;;;;;;GEHALT;130;;;;;;HAS_JOB;;;;
e56;BILDUNG_UND_KARRIERE;Weihnachten;Weihnachten steht vor der Tür. Deine Teamleitung überrascht dich mit einem extra großen Weihnachtsgeld, da das Geschäftsjahr besonders gut ausfiel.;1;;;5000;;;;;;;;;;;HAS_JOB;;;;
e57;BILDUNG_UND_KARRIERE;Arbeitszeitverkürzung;Du hast gemerkt, dass dich der Job mental stark fordert. Du willst besser auf dich achten und Stress vorbeugen. Deshalb arbeitest du dieses Jahr nur noch 80 %. Dein Gehalt wird entsprechend angepasst.;2;;;;;;;GEHALT;80;;;;;;HAS_JOB;;;;
e58;BILDUNG_UND_KARRIERE;Arbeitszeitverkürzung;Du hast eine kreative Idee, die du endlich umsetzen willst. Um daran arbeiten zu können, reduzierst du deine Arbeitszeit in diesem Jahr auf 70 %. Dein Gehalt wird entsprechend gekürzt.;2;;;;;1;;GEHALT;70;;;;;;HAS_JOB;;;;
e59;BILDUNG_UND_KARRIERE;Arbeitszeitverkürzung;Du planst eine berufliche Neuorientierung. Um dich darauf vorzubereiten, besuchst du eine Umschulung. Dafür brauchst du mehr Zeit. Du arbeitest deshalb nur noch 50 %. Dein Gehalt sinkt in diesem Jahr.;2;;;;;1;;GEHALT;50;;;;;;HAS_JOB;;;;
e60;BILDUNG_UND_KARRIERE;Beförderung;Du machst deinen Job hervorragend und bekommst eine unerwartete Beförderung. Dein Gehalt steigt in diesem Jahr um 10 %.;2;;;;;;;GEHALT;110;;;;;;HAS_JOB;;;;
e61;BILDUNG_UND_KARRIERE;Streit Kollegium;Du hast dich mit deinem gesamten Kollegium zerstritten. Aus Frust nimmst du dir zunächst vier Wochen unbezahlten Urlaub. Dies kostet dich 3.000 €.;2;;;-3000;;;;;;;;;;;HAS_JOB;;;;
e62;BILDUNG_UND_KARRIERE;Betriebliche Weihnachtsfeier;Bei einer betrieblichen Weihnachtsfeier hast du etwas zu tief ins Glas geschaut und streng geheime interne Beschlüsse weitererzählt. Das hat fatale Folgen und kostet dich deinen Job.;1;;;;;;;JOBVERLUST;;;;;;;HAS_JOB;;;;
e63;BILDUNG_UND_KARRIERE;Betriebliche Weihnachtsfeier;Bei einer betrieblichen Weihnachtsfeier hast du etwas zu tief ins Glas geschaut und streng geheime interne Beschlüsse weitererzählt. Das hat fatale Folgen und kostet dich deinen Job.;2;;;;;;;JOBVERLUST;;;;;;;HAS_JOB;;;;
e64;BILDUNG_UND_KARRIERE;Betriebliche Weihnachtsfeier;Bei einer betrieblichen Weihnachtsfeier hast du etwas zu tief ins Glas geschaut und streng geheime interne Beschlüsse weitererzählt. Das hat fatale Folgen und kostet dich deinen Job.;3;;;;;;;JOBVERLUST;;;;;;;HAS_JOB;;;;
e65;BILDUNG_UND_KARRIERE;Prämie;Deine Vorgesetzten sind stolz auf dich. Du hast dich in den letzten Monaten enorm weiterentwickelt. Aufgrund deiner starken Leistungen ist der Umsatz um 20 % gestiegen. Dies wird mit einer Prämie von 5.000 € belohnt.;2;;;5000;;;;;;;;;;;HAS_JOB;;;;
e66;BILDUNG_UND_KARRIERE;Prämie;Deine Vorgesetzten sind stolz auf dich. Du hast dich in den letzten Monaten enorm weiterentwickelt. Aufgrund deiner starken Leistungen ist der Umsatz um 20 % gestiegen. Dies wird mit einer Prämie von 10.000 € belohnt.;3;;;10000;;;;;;;;;;;HAS_JOB;;;;
e67;BILDUNG_UND_KARRIERE;Prämie;Deine Vorgesetzten sind stolz auf dich. Du hast dich in den letzten Monaten enorm weiterentwickelt. Aufgrund deiner starken Leistungen ist der Umsatz um 20 % gestiegen. Dies wird mit einer Prämie von 3.000 € belohnt.;1;;;3000;;;;;;;;;;;HAS_JOB;;;;
e68;BILDUNG_UND_KARRIERE;Streit Kollegium;Du hast dich mit deinem gesamten Kollegium zerstritten. Aus Frust nimmst du dir zunächst vier Wochen unbezahlten Urlaub. Dies kostet dich 10.000 €.;3;;;-10000;;;;;;;;;;;HAS_JOB;;;;
e69;BILDUNG_UND_KARRIERE;Beförderung;Du machst deinen Job hervorragend und bekommst eine unerwartete Beförderung. Dein Gehalt steigt in diesem Jahr um 20 %.;3;;;;;;;GEHALT;120;;;;;;HAS_JOB;;;;
e70;BILDUNG_UND_KARRIERE;Arbeitszeitverkürzung;Du bereitest dich auf eine Führungsposition vor und nimmst an einem internen Entwicklungsprogramm teil. Um dich darauf konzentrieren zu können, reduzierst du deine Arbeitszeit auf 70 %. Dein Gehalt wird für dieses Jahr entsprechend angepasst.;3;;;;;1;;GEHALT;70;;;;;;HAS_JOB;;;;
e71;BILDUNG_UND_KARRIERE;Arbeitszeitverkürzung;Du willst dich fachlich spezialisieren. Du machst eine zertifizierte Weiterbildung, die mehrere Monate dauert. Damit du den Kurs neben dem Job bewältigen kannst, gehst du auf 50 % Arbeitszeit für dieses Jahr. Auch dein Gehalt reduziert sich entsprechend.;1;;;;;1;;GEHALT;50;;;;;;HAS_JOB;;;;
e72;BILDUNG_UND_KARRIERE;Arbeitszeitverkürzung;Du möchtest dich selbstständig machen. Du arbeitest an deiner Geschäftsidee und brauchst dafür Zeit. Deshalb reduzierst du deine Stelle auf 60 %. Du nutzt die freie Zeit für den Aufbau deines Unternehmens – bei reduziertem Gehalt für dieses Jahr.;2;;;;;1;;GEHALT;60;;;;;;HAS_JOB;;;;
e73;BILDUNG_UND_KARRIERE;Haftpflichtversicherung;Du verschüttest Saft auf dem Laptop einer Kollegin. Der Laptop ist nicht mehr zu retten. Solltest du eine Haftpflichtversicherung abgeschlossen haben, wird der Schaden übernommen.;1;;;-1200;;;;HAFTPFLICHTVERSICHERUNG;;;;;;;;;;;
e74;BILDUNG_UND_KARRIERE;Haftpflichtversicherung;Dir fällt beim Präsentieren ein Beamer vom Tisch. Das Gerät ist defekt und muss ersetzt werden. Solltest du eine Haftpflichtversicherung abgeschlossen haben, wird der Schaden übernommen.;1;;;-900;;;;HAFTPFLICHTVERSICHERUNG;;;;;;;;;;;
e75;BILDUNG_UND_KARRIERE;Haftpflichtversicherung;Du stößt versehentlich einen Monitor in einem Uni-Seminarraum um. Das Display ist gesprungen, der Monitor unbrauchbar. Solltest du eine Haftpflichtversicherung abgeschlossen haben, wird der Schaden übernommen.;1;;;-250;;;;HAFTPFLICHTVERSICHERUNG;;;;;;;;;;;
e76;BILDUNG_UND_KARRIERE;Haftpflichtversicherung;Du leihst dir ein Tablet für ein Gruppenprojekt – und lässt es fallen. Der Bildschirm ist beschädigt. Solltest du eine Haftpflichtversicherung abgeschlossen haben, wird der Schaden übernommen.;1;;;-300;;;;HAFTPFLICHTVERSICHERUNG;;;;;;;;;;;
e77;BILDUNG_UND_KARRIERE;Haftpflichtversicherung;Du schließt versehentlich deine Wasserflasche nicht richtig und der Rucksack deiner Arbeitskollegin mit Laptop wird nass. Der Laptop funktioniert nicht mehr. Solltest du eine Haftpflichtversicherung abgeschlossen haben, wird der Schaden übernommen.;2;;;-1200;;;;HAFTPFLICHTVERSICHERUNG;;;;;;;;;;;
e78;BILDUNG_UND_KARRIERE;Haftpflichtversicherung;Bei einem Kundentermin stößt du aus Versehen eine teure Kamera vom Tisch. Die Kamera funktioniert nicht mehr. Solltest du eine Haftpflichtversicherung abgeschlossen haben, wird der Schaden übernommen.;2;;;-2800;;;;HAFTPFLICHTVERSICHERUNG;;;;;;;;;;;
e79;BILDUNG_UND_KARRIERE;Haftpflichtversicherung;Du verschüttest Wasser auf die Tastatur deines Kollegen. Die Tastatur funktioniert nicht mehr. Solltest du eine Haftpflichtversicherung abgeschlossen haben, wird der Schaden übernommen.;2;;;-80;;;;HAFTPFLICHTVERSICHERUNG;;;;;;;;;;;
e80;BILDUNG_UND_KARRIERE;Haftpflichtversicherung;Du verlierst einen Schlüssel für ein Bürogebäude. Die gesamte Schließanlage muss ersetzt werden. Solltest du eine Haftpflichtversicherung abgeschlossen haben, wird der Schaden übernommen.;3;;;-4500;;;;HAFTPFLICHTVERSICHERUNG;;;;;;;;;;;
e81;BILDUNG_UND_KARRIERE;Haftpflichtversicherung;Du beschädigst beim Aufbau einer Firmenveranstaltung teure Bühnentechnik. Ein Lichtsystem fällt um und wird unbrauchbar. Solltest du eine Haftpflichtversicherung abgeschlossen haben, wird der Schaden übernommen.;3;;;-4000;;;;HAFTPFLICHTVERSICHERUNG;;;;;;;;;;;
e82;BILDUNG_UND_KARRIERE;Haftpflichtversicherung;Du lädst versehentlich Schadsoftware per USB-Stick auf einen Arbeitsrechner. Ein Teil des internen Netzwerks fällt aus, es entstehen Wiederherstellungskosten. Solltest du eine Haftpflichtversicherung abgeschlossen haben, wird der Schaden übernommen.;3;;;-5000;;;;HAFTPFLICHTVERSICHERUNG;;;;;;;;;;;
e83;SOZIALES_UND_FREIZEIT;Arbeitszeitverkürzung;Du hast gemerkt, dass dich der Job mental stark fordert. Du willst besser auf dich achten und Stress vorbeugen. Deshalb arbeitest du dieses Jahr nur noch 50 %. Dein Gehalt wird entsprechend angepasst.;1;;;;;;1;GEHALT;50;;;;;;HAS_JOB;;;;2
e84;SOZIALES_UND_FREIZEIT;Arbeitszeitverkürzung;Aufgrund deines Jobs hast du deine Freundschaften nicht gepflegt. Das musst du dringend ändern. Du arbeitest deshalb für dieses Jahr nur noch 80 %. Dein Gehalt wird entsprechend um 20 % gekürzt.;1;;;;;;1;GEHALT;80;;;;;;HAS_JOB;;;;3
e85;SOZIALES_UND_FREIZEIT;Arbeitszeitverkürzung;Du möchtest deinen Alltag entschleunigen, wieder mehr kochen, draußen sein, Freunde treffen. Dafür brauchst du Zeit. Deshalb arbeitest du dieses Jahr nur 60 %. Dein Gehalt wird entsprechend angepasst.;2;;;;;;1;GEHALT;60;;;;;;HAS_JOB;;;;4
e86;SOZIALES_UND_FREIZEIT;Arbeitszeitverkürzung;Du kümmerst dich gleichzeitig um deine Kinder und deine Eltern. Um allen gerecht zu werden, reduzierst du deine Arbeitszeit auf 80 %. Dein Gehalt wird entsprechend angepasst.;3;;4;;;;1;GEHALT;80;;;;;;HAS_JOB;HAS_CHILD;;;5
e87;SOZIALES_UND_FREIZEIT;Arbeitszeitverkürzung;Ein Familienmitglied braucht mehr Unterstützung im Alltag. Du übernimmst einen Teil der Pflege und reduzierst deshalb deine Arbeitszeit auf 70 %. Dein Gehalt wird dementsprechend angepasst.;3;;;;;;1;GEHALT;70;;;;;;HAS_JOB;;;;9
e88;SOZIALES_UND_FREIZEIT;Geburt;Deine Tochter Alisa wird geboren, herzlichen Glückwunsch! Ab jetzt zahlst du regelmäßig 10 % deines Einkommens, mindestens 1.000 €, und einmalig 2.000 € für die Erstausstattung. Über Babyschwimmen und Krabbelgruppe lernst du viele andere Eltern kennen.;1;2;8;-2000;;;2;LEBENSHALTUNGSKOSTEN_MULTIPLIER;10;LEBENSHALTUNGS_MINIMUM;1000;;;;;;;;18
e89;SOZIALES_UND_FREIZEIT;Job kündigen und Weltreise;Du entscheidest dich, deinen Job zu kündigen und auf Reisen zu gehen, um dich neu zu orientieren. Du verlierst damit aber auch dein Einkommen für dieses Jahr. Dafür erhältst du einen zusätzlichen Zeitstein.;1;;;;;;1;JOBVERLUST;;;;;;;HAS_JOB;;;;25
e90;SOZIALES_UND_FREIZEIT;Geschenk;Deine beste Freundin plant eine Überraschung für dich. Sie spendiert dir ein Wellness-Wochenende in Südtirol.;1;1;;;;;1;;;;;;;;;;;;28
e92;SOZIALES_UND_FREIZEIT;Gewinn E-Bike;Herzlichen Glückwunsch! Du hast bei einer Verlosung ein E-Bike gewonnen. Dadurch bist du schneller bei deinen Terminen und kannst deine Freizeit mehr genießen.;1;1;;;;;1;;;;;;;;;;;;31
e93;SOZIALES_UND_FREIZEIT;Soziales Engagement;Deine Führungskraft schätzt dein soziales Engagement sehr, unterstützt deine Projekte gerne und gibt dir direkt Sonderurlaub für das nächste Sommercamp.;1;2;;;;;1;;;;;;;;HAS_JOB;;;;32
e94;SOZIALES_UND_FREIZEIT;Babysitterin;Du engagierst eine Babysitterin, um mehr Zeit für dich zu haben.;1;;4;-5000;;;1;;;;;;;;HAS_CHILD;;;;33
e95;SOZIALES_UND_FREIZEIT;Krankheit;Du erkrankst an einer heftigen Influenza und liegst komplett flach. Gib einen Zeitstein ab, um dich zu erholen.;1;1;;;-1;;;;;;;;;;;;;;37
e96;SOZIALES_UND_FREIZEIT;Abbau Überstunden;Du warst in den letzten Jahren so fleißig, dass du sehr viele Überstunden gesammelt hast. Nun ist es an der Zeit, diese abzubauen. Du nimmst dir einen Monat frei und reist durch Asien.;1;;;;;;1;;;;;;;;HAS_JOB;;;;39
e97;SOZIALES_UND_FREIZEIT;Jobverlust;Du hast dich mit deinem Team zerstritten und einigst dich mit deiner Chefin auf einen Aufhebungsvertrag. Damit verlierst du deinen aktuellen Job und bist erst einmal arbeitslos.;1;;;;;;;JOBVERLUST;;;;;;;HAS_JOB;;;;40
e98;SOZIALES_UND_FREIZEIT;Burnout;Bei der Verfolgung deines Traums hast du die Pausen ganz vergessen. Um dich wieder zu erholen, gehst du in eine Rehaklinik. Das kostet dich einen Zeitstein.;1;;;;-1;;;;;;;;;;;;;;41
e99;SOZIALES_UND_FREIZEIT;Keine Börsenberichte mehr lesen;Du hast mehr Freizeit, weil du nicht mehr den Börsenbericht liest und die Zeitung mit dem hervorragenden Wirtschaftsressort abbestellt hast. Da du nicht mehr informiert bist, kannst du dieses Jahr keine Investitionen mehr (ver-)kaufen.;1;2;;;;;1;INVESTITIONSSPERRE;;;;;;;;;;;44
e100;SOZIALES_UND_FREIZEIT;Familie und Freundschaft;Da Familie und Freundschaft für dich das Wichtigste im Leben sind, interessierst du dich kaum für Investitionen. Du darfst daher dieses Jahr keine Investitionen mehr (ver-)kaufen.;1;;;;;;1;INVESTITIONSSPERRE;;;;;;;;;;;45
e101;SOZIALES_UND_FREIZEIT;Pause Investitionen;Du willst dich nicht mehr vom Auf und Ab auf den Finanzmärkten stressen lassen und machst eine Pause bei deinen Investitionen. Daher kannst du dieses Jahr keine Investitionen mehr (ver-)kaufen.;1;;;;;;1;INVESTITIONSSPERRE;;;;;;;;;;;47
e102;SOZIALES_UND_FREIZEIT;Nicht beantragter Urlaub;Deine Urlaubstage sind aufgebraucht, also meldest du dich krank und fliegst nach Mallorca. Deine Freunde posten Fotos davon. Nach dem Urlaub liegt deine Kündigung auf dem Tisch. Du verlierst deinen Job und dein Einkommen für dieses Jahr.;1;2;;;;;;JOBVERLUST;;;;;;;HAS_JOB;;;;48
e103;SOZIALES_UND_FREIZEIT;KiTa;Du findest für dein Kind einen Platz in einer KiTa mit kompetentem Betreuungspersonal.;1;;4;-8000;;;2;;;;;;;;HAS_CHILD;;;;50
e104;SOZIALES_UND_FREIZEIT;Streit mit der Familie;An Weihnachten hast du dich mit deiner Schwester zerstritten. Du musst nun die Wogen wieder glätten. Das kostet dich einen Zeitstein.;1;2;;;-1;;;;;;;;;;;;;;56
e105;SOZIALES_UND_FREIZEIT;Einsatz für heimische Bienen;Dein Einsatz für den Schutz heimischer Bienenpopulationen wird mit dem Deutschen Ehrenamtspreis ausgezeichnet.;1;1;;;;;1;;;;;;;;;;;;57
e106;SOZIALES_UND_FREIZEIT;Vorstandsposten verlängern;Leider lässt sich keine andere Person finden, die deinen Vorstandsposten im Tennisverein übernimmt. Daher entscheidest du dich, den Posten für eine weitere Amtszeit zu übernehmen. Dies kostet dich einen Zeitstein.;1;;4;;-1;;;;;;;;;suf31;;;;;58
e107;SOZIALES_UND_FREIZEIT;Sprachtandem Erasmus;Mit deinem Sprachtandem aus dem Erasmus-Programm verstehst du dich so gut, dass du sein Heimatland bereist. Bei der Reise lernst du viele tolle Menschen kennen.;1;1;4;-1500;;;1;;;;;;;suf10;;;;;60
e108;SOZIALES_UND_FREIZEIT;Zweite Auflage der Flyer;Deine Informationsflyer über demokratische Werte kommen so gut an, dass du erneut Flyer in den Druck gibst. Diese kosten dich nochmals 500 €.;1;2;4;-500;;;1;;;;;;;suf32;;;;;61
e109;SOZIALES_UND_FREIZEIT;Rechtsstreit;Die lauten Partys deines Nachbarn stören dich sehr und es kommt zu einem Rechtsstreit. Dabei entstehen Gerichtskosten von 800 €.;1;1;;-800;;;;;;;;;;;;;;;65
e110;SOZIALES_UND_FREIZEIT;Hochzeit;Herzlichen Glückwunsch, du findest deine Partnerin fürs Leben. Der schönste Tag eures Lebens kostet dich 15.000 €. Ihr feiert im Kreis eurer Familien und Freunde.;1;;10;-15000;;;1;;;;;;;;;;;;66
e111;SOZIALES_UND_FREIZEIT;Arbeitslosigkeit;Wegen unentschuldigten Fernbleibens von der Arbeit erhältst du eine fristlose Kündigung und verlierst dein Einkommen. Du hast nun wegen deiner Arbeitslosigkeit mehr Zeit. Daher erhältst du einen Zeitstein.;1;;;;;;;JOBVERLUST;;;;;;;HAS_JOB;;;;70
e112;SOZIALES_UND_FREIZEIT;Preis für Integration;Herzlichen Glückwunsch! Du gewinnst den Preis für Integration. Dein Projekt „Sportintegration“ bringt Jugendliche mit und ohne Beeinträchtigung zusammen, indem sie gemeinsam Sport treiben.;1;;;;;;1;;;;;;;;;;;;71
e113;SOZIALES_UND_FREIZEIT;Geburt;Dein Sohn Tristan wird geboren, herzlichen Glückwunsch! Ab jetzt zahlst du regelmäßig 10 % deines Einkommens, mindestens 1.000 €, und einmalig 2.000 € für die Erstausstattung. Über Babyschwimmen und Krabbelgruppe lernst du viele andere Eltern kennen.;1;;4;-2000;;;2;LEBENSHALTUNGSKOSTEN_MULTIPLIER;10;LEBENSHALTUNGS_MINIMUM;1000;;;;;;;;73
e114;SOZIALES_UND_FREIZEIT;Geburt;Dein Sohn Liam wird geboren, herzlichen Glückwunsch! Ab jetzt zahlst du regelmäßig 10 % deines Einkommens, mindestens 1.000 €, und einmalig 2.000 € für die Erstausstattung. Über Babyschwimmen und Krabbelgruppe lernst du viele andere Eltern kennen.;2;;4;-2000;;;2;LEBENSHALTUNGSKOSTEN_MULTIPLIER;10;LEBENSHALTUNGS_MINIMUM;1000;;;;;;;;74
e115;SOZIALES_UND_FREIZEIT;Geburt;Deine Tochter Elif wird geboren, herzlichen Glückwunsch! Ab jetzt zahlst du regelmäßig 10 % deines Einkommens, mindestens 1.000 €, und einmalig 2.000 € für die Erstausstattung. Über Babyschwimmen und Krabbelgruppe lernst du viele andere Eltern kennen.;3;;4;-2000;;;2;LEBENSHALTUNGSKOSTEN_MULTIPLIER;10;LEBENSHALTUNGS_MINIMUM;1000;;;;;;;;75
e116;SOZIALES_UND_FREIZEIT;Geburt;Dein Sohn Ali wird geboren, herzlichen Glückwunsch! Ab jetzt zahlst du regelmäßig 10 % deines Einkommens, mindestens 1.000 €, und einmalig 2.000 € für die Erstausstattung. Über Babyschwimmen und Krabbelgruppe lernst du viele andere Eltern kennen.;2;;4;-2000;;;2;LEBENSHALTUNGSKOSTEN_MULTIPLIER;10;LEBENSHALTUNGS_MINIMUM;1000;;;;;;;;76
e117;SOZIALES_UND_FREIZEIT;Geburt;Deine Tochter Sophie wird geboren, herzlichen Glückwunsch! Ab jetzt zahlst du regelmäßig 10 % deines Einkommens, mindestens 1.000 €, und einmalig 2.000 € für die Erstausstattung. Über Babyschwimmen und Krabbelgruppe lernst du viele andere Eltern kennen.;3;;4;-2000;;;2;LEBENSHALTUNGSKOSTEN_MULTIPLIER;10;LEBENSHALTUNGS_MINIMUM;1000;;;;;;;;78
e118;SOZIALES_UND_FREIZEIT;Engagement Obdachlosenheim;Um am Aufbau eines Obdachlosenheims mitzuwirken, reduzierst du dieses Jahr deine Arbeitszeit um 10 %. Dein Gehalt reduziert sich dementsprechend.;2;;;;;;1;GEHALT;90;;;;;;HAS_JOB;;;;82
e119;SOZIALES_UND_FREIZEIT;Training Jugendmannschaft;Du entscheidest dich dazu, die Jugendmannschaft deines Fußballvereins zu trainieren. Dafür kannst du dich nicht mehr auf deine Investitionen konzentrieren. Du darfst in diesem Jahr keine Investitionen mehr (ver-)kaufen.;2;;;;;;1;INVESTITIONSSPERRE;;;;;;;;;;;89
e120;SOZIALES_UND_FREIZEIT;Verhalten Kind;Dein Kind darf wegen aggressiven Verhaltens gegenüber anderen Kindern den Kindergarten vorläufig nicht mehr besuchen. Daher betreust du es selbst und reduzierst deine Arbeitszeit in diesem Jahr auf 75 %. Dein Gehalt sinkt entsprechend.;2;;4;;;;1;GEHALT;75;;;;;;HAS_JOB;HAS_CHILD;;;98
e121;SOZIALES_UND_FREIZEIT;Handysucht;Bei jedem Treffen mit Freundinnen und Freunden hängst du immer nur am Handy. Das nervt deine Freunde und du wirst zunehmend ausgegrenzt. Die Freundschaften wieder aufzubauen, kostet Zeit.;2;;;;-1;;;;;;;;;;;;;;99
e122;SOZIALES_UND_FREIZEIT;Trennung;Dein Partner beendet die Beziehung mit dir. Du fällst in ein tiefes Loch.;2;;;;-1;;;;;;;;;;;;;;100
e123;SOZIALES_UND_FREIZEIT;Familie;Dein Kind möchte unbedingt auf ein privates Sportinternat. Es kommen Kosten von 30.000 € auf dich zu. Dafür lernst du viele andere Eltern kennen.;2;;4;-30000;;;1;;;;;;;;HAS_CHILD;;;;101
e124;SOZIALES_UND_FREIZEIT;Lottogewinn;Glückwunsch! Du hast im Lotto gewonnen! Die Gewinnsumme beträgt 40.000 €.;2;;;40000;;;;;;;;;;;;;;;105
e125;SOZIALES_UND_FREIZEIT;Hochzeit;Herzlichen Glückwunsch, du findest deine Partnerin fürs Leben. Der schönste Tag eures Lebens kostet dich 25.000 €. Ihr feiert im Kreis eurer Familien und Freunde.;2;;10;-25000;;;1;;;;;;;;;;;;106
e126;SOZIALES_UND_FREIZEIT;Hochzeit;Herzlichen Glückwunsch, du findest deine Partnerin fürs Leben. Der schönste Tag eures Lebens kostet dich 35.000 €. Ihr feiert im Kreis eurer Familien und Freunde.;3;;10;-35000;;;1;;;;;;;;;;;;107
e127;SOZIALES_UND_FREIZEIT;Auszeichnung;Da du dich für sozial benachteiligte Menschen mit Beeinträchtigungen einsetzt und ihnen hilfst, an der Gesellschaft teilzunehmen, bekommst du eine Auszeichnung. Der Preis ist mit 50.000 € dotiert. Herzlichen Glückwunsch!;2;;;50000;;;;;;;;;;;;;;;108
e128;SOZIALES_UND_FREIZEIT;Familie;Dein Kind gewinnt einen renommierten Musikwettbewerb. Du bist so stolz, dass du eine neue Violine für 10.000 € kaufst und der Musiklehrerin einen Bonus von 5.000 € zahlst.;2;;4;-15000;;;;;;;;;;;HAS_CHILD;;;;109
e129;SOZIALES_UND_FREIZEIT;Freundschaft pflegen;Aufgrund deines Jobs hast du deine Freundschaften nicht gepflegt. Das musst du dringend ändern!;2;;;;-1;;;;;;;;;;HAS_JOB;;;;112
e130;SOZIALES_UND_FREIZEIT;Training Jugendmannschaft;Du entscheidest dich dazu, die Jugendmannschaft deines Fußballvereins zu trainieren. Dafür kannst du dich nicht mehr auf deine Investitionen konzentrieren. Du darfst in diesem Jahr keine Investitionen mehr (ver-)kaufen.;3;;;;;;1;INVESTITIONSSPERRE;;;;;;;;;;;121
e131;SOZIALES_UND_FREIZEIT;Verhalten Kind;Dein Kind darf wegen aggressiven Verhaltens gegenüber anderen Kindern den Kindergarten vorläufig nicht mehr besuchen. Daher betreust du es selbst und reduzierst deine Arbeitszeit in diesem Jahr auf 75 %. Dein Gehalt sinkt entsprechend.;3;;4;;;;1;GEHALT;75;;;;;;HAS_JOB;HAS_CHILD;;;127
e132;SOZIALES_UND_FREIZEIT;Instagramsucht;Bei jedem Treffen mit Freunden fotografierst du und postest sofort auf Instagram. Das stört sie, weil dir die Darstellung wichtiger scheint als der Moment. Das ständige Posten kostet dich außerdem viel Zeit.;3;;;;-1;;;;;;;;;;;;;;128
e133;SOZIALES_UND_FREIZEIT;Trennung;Dein Partner beendet die Beziehung mit dir. Du fällst in ein tiefes Loch.;3;;;;-1;;;;;;;;;;;;;;129
e134;SOZIALES_UND_FREIZEIT;Familie;Dein Kind möchte unbedingt auf ein privates Sportinternat. Es kommen Kosten von 50.000 € auf dich zu. Dafür lernst du viele andere Eltern kennen.;3;;4;-50000;;;1;;;;;;;;HAS_CHILD;;;;130
e135;SOZIALES_UND_FREIZEIT;Gewinn beim Roulette;Glückwunsch! Du hast den Jackpot beim Roulette gewonnen! Die Gewinnsumme beträgt 60.000 €.;3;;;60000;;;;;;;;;;;;;;;131
e136;SOZIALES_UND_FREIZEIT;Familie;Dein Kind gewinnt einen renommierten Musikwettbewerb. Du bist so stolz, dass du eine neue Violine für 10.000 € kaufst und der Musiklehrerin einen Bonus von 5.000 € zahlst.;3;;4;-15000;;;;;;;;;;;HAS_CHILD;;;;132
e137;SOZIALES_UND_FREIZEIT;Pause Investitionen;Du willst dich nicht mehr vom Auf und Ab auf den Finanzmärkten stressen lassen und machst eine Pause bei deinen Investitionen. Daher kannst du dieses Jahr keine Investitionen mehr (ver-)kaufen.;2;;;;;;1;INVESTITIONSSPERRE;;;;;;;;;;;144
e138;SOZIALES_UND_FREIZEIT;Abbestellung Börsenbericht;Du hast mehr Freizeit, weil du nicht mehr den Börsenbericht liest und die Zeitung mit dem hervorragenden Wirtschaftsressort abbestellt hast. Da du nicht mehr informiert bist, kannst du dieses Jahr keine Investitionen mehr (ver-)kaufen.;2;;;;;;1;INVESTITIONSSPERRE;;;;;;;;;;;145
e139;SOZIALES_UND_FREIZEIT;Private Nachhilfe;Deine Kinder erhalten privaten Nachhilfeunterricht, um sich in der Schule zu verbessern.;2;;4;-28000;;;2;;;;;;;;HAS_CHILD;;;;154
e140;SOZIALES_UND_FREIZEIT;Sabbatjahr;Du nimmst dir ein Sabbatjahr und reist um die Welt. Daher bekommst du dieses Jahr kein Gehalt.;2;;;;;;2;GEHALT;0;;;;;;HAS_JOB;;;;156
e141;SOZIALES_UND_FREIZEIT;Familie und Freundschaft;Da Familie und Freundschaft für dich das Wichtigste im Leben sind, interessierst du dich kaum für Investitionen. Du darfst daher dieses Jahr keine Investitionen mehr (ver-)kaufen.;2;;;;;;1;INVESTITIONSSPERRE;;;;;;;;;;;157
e142;SOZIALES_UND_FREIZEIT;Bauernhof-KiTa;Die Bauernhof-KiTa hat wieder Plätze frei. Du gibst dein Kind dort in die Obhut von kompetentem Betreuungspersonal in einer natürlichen Umgebung.;2;;4;-9500;;;1;;;;;;;;HAS_CHILD;;;;159
e143;SOZIALES_UND_FREIZEIT;Auszeichnung;Da du dich für sozial benachteiligte Menschen mit Beeinträchtigungen einsetzt und ihnen hilfst, an der Gesellschaft teilzunehmen, bekommst du eine Auszeichnung. Der Preis ist mit 60.000 € dotiert. Herzlichen Glückwunsch!;3;;;60000;;;;;;;;;;;;;;;163
e144;SOZIALES_UND_FREIZEIT;Geschenk;Deine beste Freundin plant eine Überraschung für dich. Sie spendiert dir ein Wellness-Wochenende in Südtirol.;2;;;;;;1;;;;;;;;;;;;164
e145;SOZIALES_UND_FREIZEIT;Burnout;Bei der Verfolgung deines Traums hast du die Pausen ganz vergessen. Um dich wieder zu erholen, gehst du in eine Rehaklinik. Das kostet dich einen Zeitstein.;2;;;;-1;;;;;;;;;;;;;;165
e146;SOZIALES_UND_FREIZEIT;Geburtstagsparty;Du planst eine Geburtstagsparty für alle deine Freunde und Familienmitglieder. Doch so eine Party zu organisieren, kostet viel Zeit. Du verlierst einen Zeitstein.;2;;;;-1;;;;;;;;;;;;;;166
e147;SOZIALES_UND_FREIZEIT;Streit mit der Familie;An Weihnachten hast du dich mit deiner Schwester zerstritten. Du musst nun die Wogen wieder glätten. Das kostet dich einen Zeitstein.;2;;;;-1;;;;;;;;;;;;;;167
e149;SOZIALES_UND_FREIZEIT;Gewinn E-Roller;Herzlichen Glückwunsch! Du hast bei einer Verlosung einen E-Roller gewonnen. Dadurch bist du schneller bei Terminen und kannst deine Freizeit ausgiebig genießen.;2;;;;;;1;;;;;;;;;;;;169
e150;SOZIALES_UND_FREIZEIT;Arbeitszeitverkürzung;Ein neues Tier zieht bei dir ein und braucht viel Aufmerksamkeit – besonders in der Anfangszeit. Du reduzierst deine Arbeitszeit auf 80 %, um dich gut kümmern zu können. Dein Gehalt verringert sich entsprechend.;2;;;;;;1;GEHALT;80;;;;;;HAS_JOB;;;;176
e151;SOZIALES_UND_FREIZEIT;Arbeitszeitverkürzung;Du kümmerst dich gleichzeitig um deine Kinder und deine Eltern. Um allen gerecht zu werden, reduzierst du deine Arbeitszeit auf 70 %. Dein Gehalt wird entsprechend angepasst.;2;;4;;;;1;GEHALT;70;;;;;;HAS_JOB;HAS_CHILD;;;177
e152;SOZIALES_UND_FREIZEIT;Arbeitszeitverkürzung;Ein Familienmitglied braucht mehr Unterstützung im Alltag. Du übernimmst einen Teil der Pflege und reduzierst deshalb deine Arbeitszeit auf 60 %. Dein Gehalt wird dementsprechend angepasst.;2;;;;;;1;GEHALT;60;;;;;;HAS_JOB;;;;178
e153;SOZIALES_UND_FREIZEIT;Arbeitszeitverkürzung;Du erfüllst dir einen lang gehegten Wunsch: eine mehrmonatige Reise durch Südamerika. Um die Reise vorzubereiten und später flexibel zu sein, reduzierst du deine Arbeitszeit dieses Jahr auf 80 %. Dein Gehalt passt sich entsprechend an.;3;;;;;;1;GEHALT;80;;;;;;HAS_JOB;;;;179
e154;SOZIALES_UND_FREIZEIT;Arbeitszeitverkürzung;Du malst, schreibst oder machst Musik – und möchtest dafür mehr Raum haben. Deshalb arbeitest du in diesem Jahr nur noch 70 %, um dein kreatives Projekt weiterzuentwickeln. Dein Gehalt wird entsprechend reduziert.;3;;;;;;1;GEHALT;70;;;;;;HAS_JOB;;;;180
e155;SOZIALES_UND_FREIZEIT;Arbeitszeitverkürzung;Ein Familienmitglied braucht mehr Unterstützung im Alltag. Du übernimmst einen Teil der Pflege und reduzierst deshalb deine Arbeitszeit auf 60 %. Dein Gehalt wird dementsprechend angepasst.;3;;;;;;1;GEHALT;60;;;;;;HAS_JOB;;;;181
e156;SOZIALES_UND_FREIZEIT;Abbestellung Börsenbericht;Du hast mehr Freizeit, weil du nicht mehr den Börsenbericht liest und die Zeitung mit dem hervorragenden Wirtschaftsressort abbestellt hast. Da du nicht mehr informiert bist, kannst du dieses Jahr keine Investitionen mehr (ver-)kaufen.;3;;;;;;1;INVESTITIONSSPERRE;;;;;;;;;;;184
e157;SOZIALES_UND_FREIZEIT;Pause Investitionen;Du willst dich nicht mehr vom Auf und Ab auf den Finanzmärkten stressen lassen und machst eine Pause bei deinen Investitionen. Daher kannst du dieses Jahr keine Investitionen mehr (ver-)kaufen.;3;;;;;;1;INVESTITIONSSPERRE;;;;;;;;;;;185
e158;SOZIALES_UND_FREIZEIT;Assistenz im Berufsalltag;Du stellst eine persönliche Assistentin für deine beruflichen Aufgaben ein. Das kostet dich 30 % deines Gehalts.;3;;;;;;1;GEHALT;70;;;;;;HAS_JOB;;;;189
e159;SOZIALES_UND_FREIZEIT;Sabbatjahr;Du nimmst dir ein Sabbatjahr und reist um die Welt. Daher bekommst du dieses Jahr kein Gehalt.;3;;;;;;2;GEHALT;0;;;;;;HAS_JOB;;;;191
e160;SOZIALES_UND_FREIZEIT;Ferienlager in Übersee;Du meldest dein Kind für ein Ferienlager in Übersee an. Die Reisekosten sind zwar hoch, du hast aber auch einmal Zeit für dich.;3;;4;-24500;;;1;;;;;;;;HAS_CHILD;;;;195
e161;SOZIALES_UND_FREIZEIT;Familie und Freundschaft;Da Familie und Freundschaft für dich das Wichtigste im Leben sind, interessierst du dich kaum für Investitionen. Du darfst daher dieses Jahr keine Investitionen mehr (ver-)kaufen.;3;;;;;;1;INVESTITIONSSPERRE;;;;;;;;;;;199
e162;SOZIALES_UND_FREIZEIT;Krankheit;Du erkrankst an einer Herzmuskelentzündung und liegst komplett flach. Nutze einen Zeitstein, um dich zu erholen.;2;;;;-1;;;;;;;;;;;;;;201
e164;SOZIALES_UND_FREIZEIT;Geschenk;Dein Partner plant eine Überraschung für dich. Er nimmt dich mit auf eine Kreuzfahrt durch die Karibik.;3;;;;;;1;;;;;;;;;;;;203
e165;SOZIALES_UND_FREIZEIT;Burnout;Bei der Verfolgung deines Traums hast du die Pausen ganz vergessen. Um dich wieder zu erholen, gehst du in eine Rehaklinik. Das kostet dich einen Zeitstein.;3;;;;-1;;;;;;;;;;;;;;205
e166;SOZIALES_UND_FREIZEIT;Streit mit der Familie;An Weihnachten hast du dich mit deiner Schwester zerstritten. Du musst nun die Wogen wieder glätten. Das kostet dich einen Zeitstein.;3;;;;-1;;;;;;;;;;;;;;206
e167;SOZIALES_UND_FREIZEIT;Krankheit;Du musst dich einer dringenden Operation unterziehen und liegst komplett flach. Nutze einen Zeitstein, um dich zu erholen.;3;;;;-1;;;;;;;;;;;;;;207
e168;SOZIALES_UND_FREIZEIT;Chauffeurdienst;Herzlichen Glückwunsch! Du hast bei einer Verlosung einen einjährigen Chauffeurdienst gewonnen. Dadurch bist du schneller bei Terminen und kannst deine Freizeit besser genießen.;3;;;;;;1;;;;;;;;;;;;209
e169;SOZIALES_UND_FREIZEIT;Freundschaft pflegen;Aufgrund deines Jobs hast du deine Freundschaften nicht gepflegt. Das musst du dringend ändern!;3;;;;-1;;;;;;;;;;HAS_JOB;;;;210
e170;SOZIALES_UND_FREIZEIT;Geburtstagsparty;Du planst eine Geburtstagsparty und lädst alle deine Freunde und Familienmitglieder ein. Doch so eine Party zu organisieren, kostet viel Zeit. Du verlierst einen Zeitstein.;3;;;;-1;;;;;;;;;;;;;;211
e171;SOZIALES_UND_FREIZEIT;Job kündigen und Weltreise;Du entscheidest dich, deinen Job zu kündigen und auf Reisen zu gehen, um dich neu zu orientieren. Du verlierst damit aber auch dein Einkommen. Aufgrund des Jobverlusts erhältst du einen zusätzlichen Zeitstein.;2;;;;;;;JOBVERLUST;;;;;;;HAS_JOB;;;;212
e172;SOZIALES_UND_FREIZEIT;Job kündigen und Weltreise;Du entscheidest dich, deinen Job zu kündigen und auf Reisen zu gehen, um dich neu zu orientieren. Du verlierst damit aber auch dein Einkommen. Aufgrund des Jobverlusts erhältst du einen zusätzlichen Zeitstein.;3;;;;;;;JOBVERLUST;;;;;;;HAS_JOB;;;;213
e173;SOZIALES_UND_FREIZEIT;Abbau Überstunden;Du warst in den letzten Jahren so fleißig, dass du sehr viele Überstunden gesammelt hast. Nun ist es an der Zeit, diese abzubauen. Du nimmst dir einen Monat frei und reist durch Asien.;2;;;;;;1;;;;;;;;HAS_JOB;;;;214
e174;SOZIALES_UND_FREIZEIT;Abbau Überstunden;Du warst in den letzten Jahren so fleißig, dass du sehr viele Überstunden gesammelt hast. Nun ist es an der Zeit, diese abzubauen. Du nimmst dir einen Monat frei und reist durch Asien.;3;;;;;;1;;;;;;;;HAS_JOB;;;;215
e175;SOZIALES_UND_FREIZEIT;Arbeitslosigkeit;Wegen unentschuldigten Fernbleibens von der Arbeit erhältst du eine fristlose Kündigung und verlierst dein Einkommen. Du hast nun wegen deiner Arbeitslosigkeit mehr Zeit. Daher erhältst du einen Zeitstein.;2;;;;;;;JOBVERLUST;;;;;;;HAS_JOB;;;;216
e176;SOZIALES_UND_FREIZEIT;Arbeitslosigkeit;Wegen unentschuldigten Fernbleibens von der Arbeit erhältst du eine fristlose Kündigung und verlierst dein Einkommen. Du hast nun wegen deiner Arbeitslosigkeit mehr Zeit. Daher erhältst du einen Zeitstein.;3;;;;;;;JOBVERLUST;;;;;;;HAS_JOB;;;;217
e177;SOZIALES_UND_FREIZEIT;Zweite Auflage der Flyer;Deine Informationsflyer über demokratische Werte kommen so gut an, dass du erneut Flyer in den Druck gibst. Das kostet dich nochmals 1.000 €.;2;;4;-1000;;;1;;;;;;;suf32;;;;;218
e178;SOZIALES_UND_FREIZEIT;Zweite Auflage der Flyer;Deine Informationsflyer über demokratische Werte kommen so gut an, dass du erneut Flyer in den Druck gibst. Das kostet dich nochmals 2.000 €.;3;;4;-2000;;;1;;;;;;;suf32;;;;;219
e179;SOZIALES_UND_FREIZEIT;Jobverlust;Du hast dich mit deinem Team zerstritten und einigst dich mit deiner Chefin auf einen Aufhebungsvertrag. Damit verlierst du deinen aktuellen Job und bist erst einmal arbeitslos.;2;;;;;;;JOBVERLUST;;;;;;;HAS_JOB;;;;220
e180;SOZIALES_UND_FREIZEIT;Jobverlust;Du hast dich mit deinem Team zerstritten und einigst dich mit deiner Chefin auf einen Aufhebungsvertrag. Damit verlierst du deinen aktuellen Job und bist erst einmal arbeitslos.;3;;;;;;;JOBVERLUST;;;;;;;HAS_JOB;;;;221
e181;SOZIALES_UND_FREIZEIT;Krankheit;Du erkrankst an einer Herzmuskelentzündung und liegst komplett flach. Nutze einen Zeitstein, um dich zu erholen.;3;;;;-1;;;;;;;;;;;;;;222
e182;SOZIALES_UND_FREIZEIT;Krankheit;Dein Kind hat Windpocken. Nutze einen Zeitstein, um dich zu erholen.;2;;4;;-1;;;;;;;;;;HAS_CHILD;;;;223
e183;SOZIALES_UND_FREIZEIT;Krankheit;Dein Kind hat Läuse. Nutze einen Zeitstein, um dich zu erholen.;2;;4;;-1;;;;;;;;;;HAS_CHILD;;;;224
e184;SOZIALES_UND_FREIZEIT;Lottogewinn;Glückwunsch! Du hast den Jackpot gewonnen! Die Gewinnsumme beträgt 10.000 €.;1;;;10000;;;;;;;;;;;;;;;225
e185;SOZIALES_UND_FREIZEIT;Preis für soziales Engagement;Herzlichen Glückwunsch! Du gewinnst den Preis für soziales Engagement. Mit deinem Einsatz im Flüchtlingszentrum hast du vielen Menschen geholfen, sich schnell zu integrieren.;2;;;;;;1;;;;;;;;;;;;226
e186;SOZIALES_UND_FREIZEIT;Preis für Umweltprojekt;Herzlichen Glückwunsch! Du gewinnst den Preis für Umweltengagement. Mit deinem Projekt „Bienen in Schulen“ hast du viele Bienenhotels gebaut und Kindern die Bedeutung der Bienen nähergebracht.;3;;;;;;1;;;;;;;;;;;;227
e187;SOZIALES_UND_FREIZEIT;Rechtsstreit;Die lauten Partys deines Nachbarn stören dich sehr und es kommt zu einem Rechtsstreit. Dabei entstehen Gerichtskosten von 2.000 €.;2;;;-2000;;;;;;;;;;;;;;;228
e188;SOZIALES_UND_FREIZEIT;Rechtsstreit;Die lauten Partys deines Nachbarn stören dich sehr und es kommt zu einem Rechtsstreit. Dabei entstehen Gerichtskosten von 5.000 €.;3;;;-5000;;;;;;;;;;;;;;;229
e189;SOZIALES_UND_FREIZEIT;Soziales Engagement;Deine Führungskraft schätzt dein soziales Engagement sehr, unterstützt deine Projekte gerne und gibt dir direkt Sonderurlaub für das nächste Sommercamp.;2;;;;;;1;;;;;;;;HAS_JOB;;;;230
e190;SOZIALES_UND_FREIZEIT;Soziales Engagement;Deine Führungskraft schätzt dein soziales Engagement sehr, unterstützt deine Projekte gerne und gibt dir direkt Sonderurlaub für das nächste Sommercamp.;3;;;;;;1;;;;;;;;HAS_JOB;;;;231
e191;SOZIALES_UND_FREIZEIT;Vorstandsposten verlängern;Leider lässt sich keine andere Person finden, die deinen Vorstandsposten im Tennisverein übernimmt. Daher entscheidest du dich, den Posten für eine weitere Amtszeit zu übernehmen. Dies kostet dich einen Zeitstein.;2;;4;;-1;;;;;;;;;suf143;;;;;232
e192;SOZIALES_UND_FREIZEIT;Vorstandsposten verlängern;Leider lässt sich keine andere Person finden, die deinen Vorstandsposten im Tennisverein übernimmt. Daher entscheidest du dich, den Posten für eine weitere Amtszeit zu übernehmen. Dies kostet dich einen Zeitstein.;3;;4;;-1;;;;;;;;;suf144;;;;;253
e193;SOZIALES_UND_FREIZEIT;Haftpflichtversicherung;Du hilfst beim Umzug und lässt einen Fernseher fallen. Im Falle einer abgeschlossenen Haftpflichtversicherung werden die Kosten übernommen.;1;;;-800;;;;HAFTPFLICHTVERSICHERUNG;;;;;;;;;;;254
e194;SOZIALES_UND_FREIZEIT;Haftpflichtversicherung;Du wirfst beim Aufräumen versehentlich deinen eigenen Laptop vom Tisch. Auch mit Haftpflichtversicherung musst du die Kosten selbst tragen, denn die Versicherung zahlt nur für Schäden an fremdem Eigentum.;1;;;-500;;;;;;;;;;;;;;;255
e195;SOZIALES_UND_FREIZEIT;Haftpflichtversicherung;Du trittst beim Fußballspielen aus Versehen einem anderen Spieler gegen das Knie. Im Falle einer abgeschlossenen Haftpflichtversicherung werden die Kosten für Personenschäden übernommen.;1;;4;-1500;;;;HAFTPFLICHTVERSICHERUNG;;;;;;suf25;;;;;256
e196;SOZIALES_UND_FREIZEIT;Haftpflichtversicherung;Du stößt beim Einkaufen aus Versehen an eine teure Vase, welche umfällt und zu Bruch geht. Im Falle einer abgeschlossenen Haftpflichtversicherung werden die Kosten für den Sachschaden übernommen.;1;;;-200;;;;HAFTPFLICHTVERSICHERUNG;;;;;;;;;;;257
e197;SOZIALES_UND_FREIZEIT;Haftpflichtversicherung;Du kippst ein Glas Rotwein auf dem Sofa eines Freundes um. Im Falle einer abgeschlossenen Haftpflichtversicherung werden die Kosten für den Sachschaden übernommen.;2;;;-1500;;;;HAFTPFLICHTVERSICHERUNG;;;;;;;;;;;258
e198;SOZIALES_UND_FREIZEIT;Haftpflichtversicherung;Dein Kleinkind zerkratzt ein parkendes Auto mit einem Stein. Im Falle einer abgeschlossenen Haftpflichtversicherung werden die Kosten für den Sachschaden übernommen.;2;;4;-2800;;;;HAFTPFLICHTVERSICHERUNG;;;;;;;HAS_CHILD;;;;259
e199;SOZIALES_UND_FREIZEIT;Haftpflichtversicherung;Beim Grillen auf dem Balkon deines Mietshauses entsteht ein Rußschaden an der Fassade. Im Falle einer abgeschlossenen Haftpflichtversicherung werden die Kosten für den Sachschaden übernommen.;2;;;-3000;;;;HAFTPFLICHTVERSICHERUNG;;;;;;;;;;;260
e200;SOZIALES_UND_FREIZEIT;Haftpflichtversicherung;Du hast deine Waschmaschine falsch angeschlossen und das Parkett in der Mietwohnung damit ruiniert. Im Falle einer abgeschlossenen Haftpflichtversicherung werden die Kosten für den Sachschaden übernommen.;2;;;-4500;;;;HAFTPFLICHTVERSICHERUNG;;;;;;;;;;;261
e201;SOZIALES_UND_FREIZEIT;Haftpflichtversicherung;Beim Besuch im Museum stößt du versehentlich ein wertvolles Kunstobjekt um. Im Falle einer abgeschlossenen Haftpflichtversicherung werden die Kosten für den Sachschaden übernommen.;3;;;-60000;;;;HAFTPFLICHTVERSICHERUNG;;;;;;;;;;;262
e202;SOZIALES_UND_FREIZEIT;Haftpflichtversicherung;Du lässt ein Handtuch über einer Stehlampe hängen – es fängt Feuer und beschädigt Teile des Hotelzimmers. Im Falle einer abgeschlossenen Haftpflichtversicherung werden die Kosten für den Sachschaden übernommen.;3;;;-18000;;;;HAFTPFLICHTVERSICHERUNG;;;;;;;;;;;263
e203;SOZIALES_UND_FREIZEIT;Haftpflichtversicherung;Du kollidierst beim Volleyball mit einem Mitspieler. Seine Zahnprothese geht kaputt. Im Falle einer abgeschlossenen Haftpflichtversicherung werden die Kosten für den Ersatz übernommen.;3;;4;-12000;;;;HAFTPFLICHTVERSICHERUNG;;;;;;suf21;;;;;264
e204;SOZIALES_UND_FREIZEIT;Haftpflichtversicherung;Du schließt einen Geschirrspüler in der Mietwohnung selbst an – ein Schlauch platzt. Das Wasser läuft bis in die Wohnung darunter. Im Falle einer abgeschlossenen Haftpflichtversicherung werden die Kosten für den Sachschaden übernommen.;3;;;-25000;;;;HAFTPFLICHTVERSICHERUNG;;;;;;;;;;;265
e205;SOZIALES_UND_FREIZEIT;Private Unfallversicherung;Beim Heimwerken rutschst du ab und brichst dir die Hand. Die Verletzung schränkt dich dauerhaft ein. Du musst deinen Job abgeben. Im Falle einer abgeschlossenen privaten Unfallversicherung erhältst du einmalig eine Invaliditätsleistung.;1;;;6000;;;;PRIVATE_UNFALLVERSICHERUNG;;JOBVERLUST;;;;;HAS_JOB;;;;266
e206;SOZIALES_UND_FREIZEIT;Private Unfallversicherung;Du stürzt beim Eislaufen und prellst dir das Handgelenk. Du kannst dadurch langfristig nicht mehr deiner Bürotätigkeit nachgehen. Im Falle einer abgeschlossenen privaten Unfallversicherung erhältst du einmalig eine Invaliditätsleistung.;1;;;2000;;;;PRIVATE_UNFALLVERSICHERUNG;;;;;;;;;;;267
e207;SOZIALES_UND_FREIZEIT;Private Unfallversicherung;Beim Sportklettern stürzt du und brichst dir den Arm mehrfach. Du kannst deinen Job nicht länger ausüben und erhältst vorerst nur 70 % deines diesjährigen Gehalts. Mit einer privaten Unfallversicherung erhältst du einmalig eine Invaliditätsleistung.;2;;;8500;;;;PRIVATE_UNFALLVERSICHERUNG;;GEHALT;70;;;;HAS_JOB;;;;268
e208;SOZIALES_UND_FREIZEIT;Private Unfallversicherung;Du stürzt beim Inlineskaten, hast einen komplizierten Bruch und musst bei der Arbeit lange aussetzen. Im Falle einer abgeschlossenen privaten Unfallversicherung erhältst du einmalig eine Invaliditätsleistung.;2;;;9000;-1;;;PRIVATE_UNFALLVERSICHERUNG;;;;;;;;;;;269
e209;SOZIALES_UND_FREIZEIT;Private Unfallversicherung;Beim Reinigen der Dachrinne stürzt du auf den Rücken. Die Diagnose lautet: Bruch mehrerer Wirbel und langer Arbeitsausfall. Im Falle einer abgeschlossenen privaten Unfallversicherung erhältst du einmalig eine Invaliditätsleistung.;3;;;10000;;;;PRIVATE_UNFALLVERSICHERUNG;;;;;;;;;;;270
e210;SOZIALES_UND_FREIZEIT;Private Unfallversicherung;Beim Streichen der Wände stürzt du von der Leiter und brichst dir die Schulter. Du kannst deinen Job nicht länger ausüben und erhältst vorerst 70 % deines diesjährigen Gehalts. Mit einer privaten Unfallversicherung erhältst du einmalig eine Invaliditätsleistung.;3;;;5500;;;;PRIVATE_UNFALLVERSICHERUNG;;GEHALT;70;;;;HAS_JOB;;;;271
e213;SOZIALES_UND_FREIZEIT;Haftpflichtversicherung;Beim Inlineskaten kollidierst du unabsichtlich mit einer Radfahrerin, die verletzt wird. Im Falle einer abgeschlossenen Haftpflichtversicherung werden die Kosten übernommen.;2;;;-2200;;;;HAFTPFLICHTVERSICHERUNG;;;;;;;;;;;alt e126
;;;;;;;;;;;;;;;;;;;;;;
;;;;;;;;;;;;;;;;;;;;;;
;;;;;;;;;;;;;;;;;;;;;;
;;;;;;;;;;;;;;;;;;;;;;
;;;;;;;;;;;;;;;;;;;;;;
;;;;;;;;;;;;;;;;;;;;;;
;;;;;;;;;;;;;;;;;;;;;;
;;;;;;;;;;;;;;;;;;;;;;
;;;;;;;;;;;;;;;;;;;;;;
;;;;;;;;;;;;;;;;;;;;;;
;;;;;;;;;;;;;;;;;;;;;;
;;;;;;;;;;;;;;;;;;;;;;
;;;;;;;;;;;;;;;;;;;;;;
;;;;;;;;;;;;;;;;;;;;;;
;;;;;;;;;;;;;;;;;;;;;;
;;;;;;;;;;;;;;;;;;;;;;
;;;;;;;;;;;;;;;;;;;;;;
;;;;;;;;;;;;;;;;;;;;;;
;;;;;;;;;;;;;;;;;;;;;;
;;;;;;;;;;;;;;;;;;;;;;
;;;;;;;;;;;;;;;;;;;;;;
;;;;;;;;;;;;;;;;;;;;;;
;;;;;;;;;;;;;;;;;;;;;;
;;;;;;;;;;;;;;;;;;;;;;
;;;;;;;;;;;;;;;;;;;;;;
;;;;;;;;;;;;;;;;;;;;;;
;;;;;;;;;;;;;;;;;;;;;;
;;;;;;;;;;;;;;;;;;;;;;
;;;;;;;;;;;;;;;;;;;;;;
;;;;;;;;;;;;;;;;;;;;;;
;;;;;;;;;;;;;;;;;;;;;;
;;;;;;;;;;;;;;;;;;;;;;
;;;;;;;;;;;;;;;;;;;;;;
;;;;;;;;;;;;;;;;;;;;;;
;;;;;;;;;;;;;;;;;;;;;;
