Investition (Immobilien);;;;;;
id;title;description;phase;moneyChange;annualRent;type
inv1;Kauf Wohnung;Eine Wohnung in einem neuen Studierendenwohnheim steht zum Verkauf.;1;-75000;3000;WOHNUNG
inv2;Kauf Wohnung;Eine kleine Wohnung in einem Studierendenwohnheim steht zum Verkauf.;1;-50000;2000;WOHNUNG
inv3;Kauf Wohnung;Ein renoviertes Loft mit DINK-Mieterinnen (Double Income, No Kids) steht zum Verkauf.;1;-200000;8000;WOHNUNG
inv4;Kauf Wohnung;Eine Wohnung in hervorragender Lage steht zum Verkauf.;1;-100000;3600;WOHNUNG
inv5;Kauf Wohnung;Eine Wohnung in einer Seniorenwohnanlage steht zum Verkauf.;1;-150000;6000;WOHNUNG
inv6;Kauf Wohnung;Eine frisch renovierte Wohnung mit solventen Mieterinnen steht zum Verkauf.;1;-100000;3600;WOHNUNG
inv7;Kauf Haus;Ein Haus in einem Brennpunktviertel steht zum Verkauf.;1;-175000;7700;HAUS
inv8;Kauf Haus;Ein sanierungsbedürftiges Haus steht zum Verkauf.;1;-200000;8800;HAUS
inv9;Kauf Haus;Ein renovierungsbedürftiges Haus steht zum Verkauf.;1;-200000;8800;HAUS
inv10;Kauf Haus;Ein Haus steht zum Verkauf.;1;-300000;12000;HAUS
inv11;Kauf Haus;Ein Haus in hervorragender Lage steht zum Verkauf.;1;-350000;12600;HAUS
inv12;Kauf Haus;Ein neu renoviertes Haus steht zum Verkauf.;1;-400000;14400;HAUS
inv13;Kauf Wohnung;Eine Wohnung in einem neuen Studierendenwohnheim steht zum Verkauf.;2;-150000;6380;WOHNUNG
inv14;Kauf Wohnung;Eine frisch renovierte Wohnung mit solventen Mieterinnen steht zum Verkauf.;2;-270000;10400;WOHNUNG
inv15;Kauf Wohnung;Eine Wohnung in einer Seniorenwohnanlage steht zum Verkauf.;2;-280000;11900;WOHNUNG
inv16;Kauf Wohnung;Eine Wohnung in hervorragender Lage steht zum Verkauf.;2;-290000;11160;WOHNUNG
inv17;Kauf Wohnung;Ein renoviertes Loft mit DINK-Mieterinnen (Double Income, No Kids) steht zum Verkauf.;2;-300000;12750;WOHNUNG
inv18;Kauf Haus;Ein sanierungsbedürftiges Haus steht zum Verkauf.;2;-210000;9770;HAUS
inv19;Kauf Haus;Ein renovierungsbedürftiges Haus steht zum Verkauf.;2;-210000;9770;HAUS
inv20;Kauf Haus;Ein Haus in einem Brennpunktviertel steht zum Verkauf.;2;-200000;9300;HAUS
inv21;Kauf Haus;Ein neu renoviertes Haus steht zum Verkauf.;2;-420000;16170;HAUS
inv22;Kauf Haus;Ein Haus in hervorragender Lage steht zum Verkauf.;2;-370000;14240;HAUS
inv23;Kauf Haus;Ein Haus im Grünen soll verkauft werden.;2;-300000;12750;HAUS
inv24;Kauf Wohnung;Eine Wohnung in einem neuen Studierendenwohnheim steht zum Verkauf.;3;-155000;6980;WOHNUNG
inv25;Kauf Wohnung;Eine Wohnung in einer Seniorenwohnanlage steht zum Verkauf.;3;-290000;13050;WOHNUNG
inv26;Kauf Wohnung;Eine frisch renovierte Wohnung mit solventen Mieterinnen steht zum Verkauf.;3;-290000;11890;WOHNUNG
inv27;Kauf Wohnung;Eine Wohnung in hervorragender Lage steht zum Verkauf.;3;-310000;12710;WOHNUNG
inv28;Kauf Wohnung;Ein renoviertes Loft mit DINK-Mieterinnen (Double Income, No Kids) steht zum Verkauf.;3;-350000;15750;WOHNUNG
inv29;Kauf Haus;Ein sanierungsbedürftiges Haus steht zum Verkauf.;3;-220000;10780;HAUS
inv30;Kauf Haus;Ein neu renoviertes Haus steht zum Verkauf.;3;-440000;18040;HAUS
inv31;Kauf Haus;Ein renovierungsbedürftiges Haus steht zum Verkauf.;3;-280000;13720;HAUS
inv32;Kauf Haus;Ein Haus in einem Brennpunktviertel steht zum Verkauf.;3;-300000;14700;HAUS
inv33;Kauf Haus;Ein Haus wird zum Verkauf angeboten.;3;-330000;14850;HAUS
inv34;Kauf Haus;Ein Haus in hervorragender Lage steht zum Verkauf.;3;-380000;15580;HAUS
