Kategorie Karten (Bildung und Karriere/Soziales und Freizeit);;;;;;;;;
id;category;title;description;phase;year;moneyChange;zeitsteinChange;bildungUndKarriereChange;sozialesUndFreizeitChange
buk1;BILDUNG_UND_KARRIERE;Sprachkurs;Belege einen dreimonatigen Sprachkurs in England.;1;;-11000;;1;
buk2;BILDUNG_UND_KARRIERE;Nachrichten lesen;Informiere dich jeden Morgen ausführlich über aktuelle Ereignisse und Nachrichten in der Welt.;1;2;;-1;1;
buk3;BILDUNG_UND_KARRIERE;Bibliotheksausweis;Du meldest dich in der Bibliothek an und nutzt die Möglichkeit, regelmäßig Bücher auszuleihen, um dich weiterzubilden.;1;1;-150;;1;
buk4;BILDUNG_UND_KARRIERE;Gedächtnistraining;Trainiere dein Gedächtnis täglich 20 Minuten, um deine geistige Fitness zu erhalten.;1;1;;-1;1;
buk5;BILDUNG_UND_KARRIERE;Ausbildung zur Skilehrkraft;Erfülle dir deinen Traum und absolviere eine Ausbildung zur Skilehrkraft. Neben technischem Wissen eignest du dir dabei auch geografische und pädagogische Kenntnisse an.;1;;-7000;;1;
buk6;BILDUNG_UND_KARRIERE;Übungsleiterschein im Kinderturnen;Erfülle dir deinen Traum und mache deinen Übungsleiterschein im Kinderturnen. Neben technischem und pädagogischem Wissen eignest du dir dabei auch Kenntnisse über gruppendynamische Prozesse an.;1;;-5000;;1;
buk7;BILDUNG_UND_KARRIERE;Bergtourleitung;Verwirkliche deinen Traum und absolviere die Ausbildung zur Bergtourleitung. Dabei erwirbst du nicht nur technisches, sondern auch geografisches und pädagogisches Wissen.;1;;-500;-1;1;
buk8;BILDUNG_UND_KARRIERE;Nachhilfe;Du willst deine Noten verbessern und gehst deshalb zur Nachhilfe.;1;1;-600;;1;
buk9;BILDUNG_UND_KARRIERE;Qualifizierungsmaßnahme;Du absolvierst eine Qualifizierungsmaßnahme an einer Abendschule.;1;2;-800;;1;
buk10;BILDUNG_UND_KARRIERE;Reise;Reise in ein fremdes Land, um deinen kulturellen Horizont zu erweitern.;1;;-3000;;1;
buk11;BILDUNG_UND_KARRIERE;Kulturabo;Schließe ein Kulturabo deiner Stadt ab und besuche regelmäßig interessante Premieren.;1;1;-1500;;1;
buk12;BILDUNG_UND_KARRIERE;Erste-Hilfe-Kurs;Du absolvierst einen Erste-Hilfe-Kurs, um im Notfall richtig handeln zu können.;1;1;-300;;1;
buk13;BILDUNG_UND_KARRIERE;Start-up-Wettbewerb;Du beteiligst dich an einem Start-up-Wettbewerb und investierst 2.000 € in die Entwicklung eines Prototyps.;1;2;-2000;;1;
buk14;BILDUNG_UND_KARRIERE;Seminarwochenende;Du nimmst an einem Seminarwochenende der Börse Frankfurt teil, um verschiedene Investmentstrategien kennenzulernen.;1;;-250;;1;
buk15;BILDUNG_UND_KARRIERE;Ausbildung Segellehrkraft;Verwirkliche deinen Traum und absolviere eine Ausbildung zur Segellehrkraft. Dabei eignest du dir nicht nur technisches Wissen an, sondern lernst auch viel über gruppendynamische Prozesse.;1;;-8000;;1;
buk16;BILDUNG_UND_KARRIERE;Bücher lesen;Mach es wie ein erfolgreicher CEO und lies dieses Jahr jede Woche ein neues Buch.;1;1;-500;;1;
buk17;BILDUNG_UND_KARRIERE;Sprachreise nach England;Reise nach England, um deine Sprachkenntnisse zu verbessern.;1;2;-700;;1;
buk18;BILDUNG_UND_KARRIERE;VHS-Kurs;Du besuchst einen Kurs an der Volkshochschule.;1;1;-110;;1;
buk19;BILDUNG_UND_KARRIERE;Online-Seminar;Um deine Computerkenntnisse zu verbessern, besuchst du ein Online-Seminar.;1;1;-100;;1;
buk20;BILDUNG_UND_KARRIERE;Jagdverein;Werde Mitglied im Jagdverein und triff dich mit anderen Nachwuchstalenten in der freien Natur.;1;;-6000;;1;
buk21;BILDUNG_UND_KARRIERE;Berufliches Profil schärfen;Du nutzt ein Wochenende, um deine Profile in beruflichen Netzwerken für Arbeitgebende attraktiv zu gestalten. Dafür verlierst du einen Zeitstein.;1;2;;-1;1;
buk22;BILDUNG_UND_KARRIERE;Mehr Erfolg durch Fitness;Regelmäßiger Sport hält dich fit und kann dir auch im Beruf helfen.;1;2;;-1;1;
buk23;BILDUNG_UND_KARRIERE;Blogbeitrag;Verbessere deine Außendarstellung, indem du über deine beruflichen Erfahrungen bloggst.;1;2;;-1;1;
buk24;BILDUNG_UND_KARRIERE;Karriere-Booster: Chinesisch;Stell dich der Herausforderung einer der anspruchsvollsten Sprachen der Welt: Bei deinem Aufenthalt in China kannst du dein Chinesisch deutlich verbessern.;1;;-5000;;1;
buk25;BILDUNG_UND_KARRIERE;Ortswechsel;Zieh für einen Job mit guten Aufstiegschancen in eine neue Stadt – auch wenn der Umzug Geld kostet.;1;;-3000;;1;
buk26;BILDUNG_UND_KARRIERE;Ortswechsel;Für eine Beförderung innerhalb deines Unternehmens ziehst du in ein anderes Bundesland und hast so die Chance, dein Privatleben neu zu gestalten.;1;;;-1;1;
buk27;BILDUNG_UND_KARRIERE;Auslandsaufenthalt;Für deine Karriere ziehst du für sechs Monate nach Singapur.;1;;;-1;1;
buk28;BILDUNG_UND_KARRIERE;Kongresseinladung;Du wirst eingeladen, auf einem wichtigen Kongress über deine beruflichen Erfahrungen zu sprechen. Die Vorbereitung der Rede nimmt viel Zeit in Anspruch, macht dich aber sehr bekannt.;1;;;-1;1;
buk29;BILDUNG_UND_KARRIERE;Feierabendgetränk;Mit deiner Kollegschaft ziehst du regelmäßig nach dem Feierabend um die Häuser und verbesserst damit dein berufliches Netzwerk.;1;;-3000;;1;
buk30;BILDUNG_UND_KARRIERE;Networking;Baue deine Geschäftsbeziehungen sorgfältig aus, um deine berufliche Laufbahn zu fördern.;1;;;-1;1;
buk31;BILDUNG_UND_KARRIERE;Weiterbildung;Du absolvierst eine Weiterbildung an der Abendschule. Mit jeder absolvierten Weiterbildung wächst nicht nur dein Wissen – auch deine beruflichen Perspektiven erweitern sich.;1;;-600;;1;
buk32;BILDUNG_UND_KARRIERE;Networking;Knüpfe wertvolle berufliche Kontakte und erweitere deinen Horizont durch die Teilnahme an internationalen Konferenzen.;1;;-9000;;1;
buk33;BILDUNG_UND_KARRIERE;Podcast;Um dich im Bereich Finanzen fortzubilden, hörst du regelmäßig einen Podcast. Das nimmt viel Zeit in Anspruch.;1;1;;-1;1;
buk34;BILDUNG_UND_KARRIERE;Persönlichkeitscoaching;Um dein Auftreten zu stärken, entscheidest du dich für ein Persönlichkeitscoaching.;1;2;-600;;1;
buk35;BILDUNG_UND_KARRIERE;Sprachlern-App;Mithilfe einer Sprachlern-App versuchst du, dir erste Grundkenntnisse in einer dir unbekannten Sprache anzueignen.;1;1;;-1;1;
buk36;BILDUNG_UND_KARRIERE;Networking;Baue deine Geschäftsbeziehungen sorgfältig aus, um deine berufliche Laufbahn zu fördern.;2;;;-1;1;
buk37;BILDUNG_UND_KARRIERE;Organisation Technik-Camp;Unterstütze eine Schule, indem du ein Technik-Camp für Jugendliche organisierst. Dieses Engagement kannst du dir im Lebenslauf anrechnen lassen.;2;;-30000;;1;
buk38;BILDUNG_UND_KARRIERE;Politik-News;Um dich politisch und wirtschaftlich auf dem Laufenden zu halten, abonnierst du eine individuell zusammengestellte Auswahl wichtiger Berichte und Reportagen.;2;;-6000;;1;
buk39;BILDUNG_UND_KARRIERE;Außendarstellung;Stärke deinen Auftritt, indem du deine Bewerbungsunterlagen und deine Onlinepräsenz professionell optimieren lässt.;2;;-15000;;1;
buk40;BILDUNG_UND_KARRIERE;Verkaufscoaching;Verkaufen ist eine Schlüsselkompetenz, ob im Vorstellungsgespräch oder im Gespräch mit dem Stromanbieter. Wer die eigenen Ideen überzeugend präsentiert, kommt schneller ans Ziel. Deshalb investierst du 15.000 € in ein Verkaufscoaching.;2;;-15000;;1;
buk41;BILDUNG_UND_KARRIERE;Sommerfest;Du lädst deine Kollegschaft zu einem Sommerfest in deine private Villa am See ein.;2;;-5000;;1;
buk42;BILDUNG_UND_KARRIERE;Auslandsaufenthalt;Im Rahmen deiner Karriereplanung absolvierst du einen sechsmonatigen Aufenthalt in Shanghai.;2;;;-1;1;
buk43;BILDUNG_UND_KARRIERE;Internationale Netzwerke;Werde Teil beruflich relevanter Netzwerke und nutze internationale Konferenzen, um dich fachlich und persönlich weiterzuentwickeln.;2;;-60000;;1;
buk44;BILDUNG_UND_KARRIERE;Weiterbildung;Du absolvierst eine Weiterbildung an der Abendschule. Mit jeder absolvierten Weiterbildung wächst nicht nur dein Wissen – auch deine beruflichen Perspektiven erweitern sich.;2;;-8000;;1;
buk45;BILDUNG_UND_KARRIERE;Kongresseinladung;Du wirst eingeladen, auf einem wichtigen Kongress über deine berufliche Erfahrung zu sprechen. Die Vorbereitung der Rede nimmt viel Zeit in Anspruch, macht dich aber sehr bekannt.;2;;;-1;1;
buk46;BILDUNG_UND_KARRIERE;Karriere-Booster: Französisch;Nutze die schönste Sprache der Welt für dich: Bei einem längeren Aufenthalt in Paris bekommst du die Gelegenheit, dein Schul-Französisch aufzufrischen und weiterzuentwickeln.;2;;-14000;;1;
buk47;BILDUNG_UND_KARRIERE;Mitgliedschaft Kulturverein;Schließe eine Mitgliedschaft im Kulturverein ab und triff dich mit Gleichgesinnten in den Opern dieser Welt.;2;;-12000;;1;
buk48;BILDUNG_UND_KARRIERE;Austauschprogramm;Du nimmst an einem Austauschprogramm teil und arbeitest zwei Monate in einem fremden Unternehmen. Dafür opferst du einen Zeitstein.;2;;;-1;1;
buk49;BILDUNG_UND_KARRIERE;Wertekongress;Du nimmst an einem Wertekongress für Führungskräfte teil und investierst 3.000 € in die Teilnahme.;2;;-3000;;1;
buk50;BILDUNG_UND_KARRIERE;Mehr Erfolg durch Fitness;Regelmäßiger Sport hält dich fit und kann dir auch im Beruf helfen.;2;;;-1;1;
buk51;BILDUNG_UND_KARRIERE;Internationaler Kongress;Du wirst eingeladen, bei einem internationalen Kongress zu sprechen. Die Reisekosten musst du allerdings selbst übernehmen.;3;;-8000;;1;
buk52;BILDUNG_UND_KARRIERE;Organisation KI-Camp;Unterstütze eine Schule durch die Organisation eines KI-Camps. Dein Engagement kannst du dir im Lebenslauf notieren.;3;;-40000;;1;
buk53;BILDUNG_UND_KARRIERE;Weiterbildung;Du absolvierst eine Weiterbildung an der Abendschule. Mit jeder absolvierten Weiterbildung wächst nicht nur dein Wissen – auch deine beruflichen Perspektiven erweitern sich.;3;;-10000;;1;
buk54;BILDUNG_UND_KARRIERE;Ernährungsumstellung;Du bezahlst einen Ernährungs- und Fitnesscoach, der dich fit macht, um voller Power und Energie die nächste Stufe der Karriereleiter zu erklimmen.;3;;-10000;;1;
buk55;BILDUNG_UND_KARRIERE;Wertekongress;Du nimmst an einem Wertekongress für Führungskräfte teil und investierst 6.000 € in die Teilnahme.;3;;-6000;;1;
buk56;BILDUNG_UND_KARRIERE;Teambuildingworkshop;Du lädst dein Team zu einem Teambuilding-Workshop auf deine private Finca nach Mallorca ein und übernimmst sämtliche Reise- und Verpflegungskosten. Das Ergebnis: ein gestärktes Miteinander und deutlich steigende Umsatzzahlen.;3;;-50000;;1;
buk57;BILDUNG_UND_KARRIERE;Austauschprogramm;Du nimmst an einem Austauschprogramm teil und arbeitest sechs Monate in einem fremden Unternehmen. Dafür opferst du einen Zeitstein.;3;;;-1;1;
buk58;BILDUNG_UND_KARRIERE;Tagesseminar;Positionierung ist das A und O. Deshalb besuchst du ein Tagesseminar, in dem du lernst, dich in deiner Branche gezielt zu positionieren.;3;;-4000;;1;
buk59;BILDUNG_UND_KARRIERE;Kongresseinladung;Du wirst eingeladen, auf einem wichtigen Kongress über deine berufliche Erfahrung zu sprechen. Die Vorbereitung der Rede nimmt viel Zeit in Anspruch, macht dich aber sehr bekannt.;3;;;-1;1;
buk60;BILDUNG_UND_KARRIERE;Auslandsaufenthalt;Du wagst den nächsten Karriereschritt und ziehst für zwei Jahre nach Hongkong.;3;;;-1;1;
buk61;BILDUNG_UND_KARRIERE;Weiterbildung;Du wolltest schon immer dein kreatives Talent fördern und belegst eine Weiterbildung in Kunstgeschichte.;2;;-9000;;1;
buk62;BILDUNG_UND_KARRIERE;BAföG-Schulden;Schließe dein Studium endlich erfolgreich ab! Zahle deine BAföG-Schulden in Höhe von 10.000 € zurück.;2;;-10000;;1;
buk63;BILDUNG_UND_KARRIERE;Pre-Master-Programm;Absolviere ein Pre-Master-Programm, um optimal vorbereitet zu starten und deine Chancen auf sehr gute Noten im Masterstudium zu erhöhen.;2;;-800;;1;
buk64;BILDUNG_UND_KARRIERE;Wöchentlicher Podcast;Nimm dir ein Beispiel an erfolgreichen CEOs: Höre dir jede Woche einen neuen Podcast an und fasse die wichtigsten Erkenntnisse anschließend zusammen. So stärkst du kontinuierlich dein Wissen.;2;;-900;-1;1;
buk65;BILDUNG_UND_KARRIERE;Längere Reise;Unternimm eine längere Reise in ein dir unbekanntes Land, um dich kulturell weiterzubilden.;2;;-8500;;1;
buk66;BILDUNG_UND_KARRIERE;Onlinekurs Universität;Viele Universitäten stellen ihre Vorlesungen mittlerweile online zur Verfügung. Profitiere davon und belege einen Kurs einer amerikanischen Eliteuniversität.;2;;-20000;;1;
buk67;BILDUNG_UND_KARRIERE;Trainerschein als Fluglehrkraft;Erfülle dir deinen Traum und mache deinen Trainerschein als Fluglehrkraft. Neben technischem Wissen eignest du dir Kenntnisse über aerodynamische Prozesse an.;2;;-35000;;1;
buk69;BILDUNG_UND_KARRIERE;Sprachkurs;Absolviere einen dreimonatigen Sprachkurs im Ausland.;2;;-11000;;1;
buk70;BILDUNG_UND_KARRIERE;Zeitungsabonnement;Informiere dich jeden Morgen über aktuelle Ereignisse in der Welt.;2;;-1000;-1;1;
buk71;BILDUNG_UND_KARRIERE;Kulturmäzen;Engagiere dich als Kulturmäzen deiner Stadt und besuche regelmäßig interessante Premieren, die mit deinem Sponsoring ermöglicht wurden.;2;;-12000;;1;
buk72;BILDUNG_UND_KARRIERE;Programmierkurs;Besuche einen Programmierkurs in der Abendschule, um dich für die Digitalisierung fit zu machen.;2;;-1000;-1;1;
buk73;BILDUNG_UND_KARRIERE;Jagdschein;Verwirkliche deinen Traum und erwirb einen Jagdschein. Dabei lernst du nicht nur viel über Flora und Fauna, sondern eignest dir auch geografische Kenntnisse an.;2;;-17000;;1;
buk74;BILDUNG_UND_KARRIERE;Gedächtnistraining;Mache jeden Tag 10 Minuten Gedächtnistraining, um dich geistig fit zu halten.;2;;;-1;1;
buk75;BILDUNG_UND_KARRIERE;Sprachreise;Absolviere eine Sprachreise, um deine Kommunikationsfähigkeiten zu verbessern. Du wirst dabei von einer kompetenten Sprachlehrkraft optimal und individuell betreut.;2;;-30000;;1;
buk76;BILDUNG_UND_KARRIERE;Coach Strategieentwicklung;Engagiere einen Coach, der dich in deiner Strategieentwicklung unterstützt.;3;;-56000;;1;
buk77;BILDUNG_UND_KARRIERE;Weiterbildung;Schließe deine berufsbegleitende Weiterbildung endlich erfolgreich ab.;3;;-50000;;1;
buk78;BILDUNG_UND_KARRIERE;MBA;Eigne dir betriebswirtschaftliche Kenntnisse durch einen MBA an.;3;;-45000;-1;1;
buk79;BILDUNG_UND_KARRIERE;Mentorenprogramm;Bewirb dich für ein Mentorenprogramm und nutze die Chance, dich wöchentlich mit deinem Mentor, einem bekannten CEO, beim Mittagessen auszutauschen. Aus Dankbarkeit für seine Zeit übernimmst du regelmäßig die Einladung zum Mittagessen.;3;;-77000;;1;
buk80;BILDUNG_UND_KARRIERE;Gedächtnistraining;Mache jeden Tag 10 Minuten Gedächtnistraining, um dich geistig fit zu halten.;3;;;-1;1;
buk81;BILDUNG_UND_KARRIERE;Briefing;Lass dir individuelle Briefings zum aktuellen Weltgeschehen zusenden, genau auf deine Bedürfnisse abgestimmt und vollgepackt mit den Informationen, die wirklich wichtig für dich sind.;3;;-47000;;1;
buk82;BILDUNG_UND_KARRIERE;Kulturmäzen;Engagiere dich als Kulturmäzen deiner Stadt und besuche nun regelmäßig interessante Premieren, die mit deinem Sponsoring ermöglicht wurden.;3;;-60000;;1;
buk83;BILDUNG_UND_KARRIERE;Archäologische Expedition;Mache eine archäologische Expedition, um deine Abenteuerlust zu stillen. Du wirst dabei von einem kompetenten Guide optimal und individuell betreut.;3;;-90000;;1;
buk84;BILDUNG_UND_KARRIERE;Sprachbegleitung;Hol dir professionelle Sprachbegleitung für verhandlungssichere Auftritte im internationalen Umfeld.;3;;-32000;;1;
buk85;BILDUNG_UND_KARRIERE;MBA;Bereite dich auf deinen MBA-Abschluss optimal vor und investiere in einen kommerziellen Kurs zur Prüfungsvorbereitung.;3;;-32000;;1;
buk86;BILDUNG_UND_KARRIERE;Kurs Töpferei;Du wolltest schon immer dein kreatives Talent fördern und belegst einen Anfänger- und einen Aufbaukurs in Töpferei.;3;;-10000;-1;1;
buk87;BILDUNG_UND_KARRIERE;Onlinekurs Universität;Immer mehr Universitäten bieten ihre Vorlesungen online an. Nutze diese Chance und belege einen Kurs an einer renommierten britischen Eliteuniversität.;3;;-35000;-1;1;
buk88;BILDUNG_UND_KARRIERE;Bekannte Persönlichkeiten;Lade regelmäßig inspirierende und bekannte Persönlichkeiten ein und lerne aus erster Hand von ihrer Erfahrung und ihrem Werdegang.;3;;-83000;;1;
buk89;BILDUNG_UND_KARRIERE;Mentoringnetzwerk;Baue ein Mentoringnetzwerk für die jüngere Generation deiner Branche auf. Dabei eignest du dir viel zusätzliches Wissen an.;3;;;-1;1;
buk90;BILDUNG_UND_KARRIERE;Bergtourleitung;Erfülle dir deinen Traum und bilde dich zur Bergtourleitung aus. Neben technischem Wissen eignest du dir geografische und pädagogische Kenntnisse an.;3;;-10000;-1;1;
buk91;BILDUNG_UND_KARRIERE;TED-Talks;Reise zu den großen TED-Talks, um immer auf dem neuesten Stand wichtiger Innovationen zu bleiben.;3;;-68000;;1;
suf1;SOZIALES_UND_FREIZEIT;Ehrenamtliches Engagement;Du engagierst dich ehrenamtlich für eine Organisation, die es Menschen mit Beeinträchtigungen ermöglicht, einen erholsamen Urlaub am Meer zu erleben. Du musst die Kosten dafür allerdings selbst tragen.;1;1;-1200;;;1
suf2;SOZIALES_UND_FREIZEIT;Teilnahme Spendenmarathon;Du nimmst an einem Spendenmarathon für krebskranke Kinder teil. Die Suche nach Sponsoren kostet dich jedoch Zeit.;1;2;;-1;;1
suf3;SOZIALES_UND_FREIZEIT;Besuch Pflegeheim;Du besuchst eine Pflegeeinrichtung und veranstaltest mit den Bewohnenden einen Brettspielabend.;1;1;;-1;;1
suf4;SOZIALES_UND_FREIZEIT;Interventionsprogramm;Du organisierst ein Interventionsprogramm gegen häusliche Gewalt. Dafür benötigst du jedoch einen Veranstaltungsraum und einen Moderationskoffer, für die du selbst aufkommen musst.;1;;-3000;;;1
suf5;SOZIALES_UND_FREIZEIT;Patenschaft für eine geflüchtete Person;Du übernimmst eine Patenschaft für eine geflüchtete Person.;1;2;-500;;;1
suf6;SOZIALES_UND_FREIZEIT;Ehrenamtliches Engagement;Du engagierst dich wöchentlich in einem örtlichen Jugendzentrum. Das kostet dich einen Zeitstein.;1;;;-1;;1
suf7;SOZIALES_UND_FREIZEIT;Spende;Bei deinem Einkauf spendest du immer Tiernahrung für die umliegenden Tierheime. Dein Spendenbeitrag beträgt 200 €.;1;1;-200;;;1
suf8;SOZIALES_UND_FREIZEIT;Projektteilnahme;Du nimmst an einem 500-Euro-Projekt teil. Ziel ist es, 500 € auf kreative Art und Weise zu verdienen und diese an ein Projekt deiner Wahl zu spenden. #füreinebessereWelt;1;;;;;1
suf9;SOZIALES_UND_FREIZEIT;Ehrenamtliches Engagement;Der örtliche Turnverein sucht noch händeringend nach Unterstützung. Du erklärst dich bereit, ehrenamtlich als Betreuungsperson beim Mutter-Kind-Turnen auszuhelfen. Das kostet dich einen Zeitstein.;1;2;;-1;;1
suf10;SOZIALES_UND_FREIZEIT;Sprachtandem;Du bildest ein Sprachtandem mit einem Erasmus-Studierenden und lernst dabei viel über Sprachen und fremde Kulturen. Das kostet dich jedoch einen Zeitstein.;1;1;;-1;;1
suf11;SOZIALES_UND_FREIZEIT;Brief an Regierung;Regieren ist kein einfacher Job. Die Presse schießt zunehmend gegen das Kanzleramt. Du nimmst dir Zeit und schreibst einen ermutigenden Brief an das Regierungsoberhaupt und schickst ihm einige Köstlichkeiten zur Stärkung nach Berlin.;1;2;-150;;;1
suf12;SOZIALES_UND_FREIZEIT;Kostenlose Nachhilfe;Du gibst Nachhilfe für sozial benachteiligte Kinder. Das kostet dich einen Zeitstein.;1;1;;-1;;1
suf13;SOZIALES_UND_FREIZEIT;Spazieren mit Hunden;Du hilfst dem örtlichen Tierheim und gehst dreimal wöchentlich mit Hunden spazieren. Das kostet dich einen Zeitstein.;1;1;;-1;;1
suf14;SOZIALES_UND_FREIZEIT;Spende;Du spendest einmalig 1.000 € an eine gemeinnützige Bildungsinitiative.;1;;-1000;;;1
suf15;SOZIALES_UND_FREIZEIT;Kleidertauschparty;Du sortierst deinen Kleiderschrank aus und nimmst an einer Kleidertauschparty teil.;1;1;;;;1
suf16;SOZIALES_UND_FREIZEIT;Spende;Du spendest einmalig 1.000 € an eine Umweltschutzorganisation.;1;;-1000;;;1
suf17;SOZIALES_UND_FREIZEIT;Staubsauger-Roboter;Du kaufst einen Staubsauger-Roboter – nie wieder die Wohnung saugen!;1;2;-1000;;;1
suf18;SOZIALES_UND_FREIZEIT;Haushaltshilfe;Du engagierst eine Haushaltshilfe, um mehr Zeit für dich zu haben.;1;;-10000;;;2
suf19;SOZIALES_UND_FREIZEIT;Musikverein;Du meldest dich im Musikverein an. Dafür musst du ein teures Instrument kaufen.;1;1;-1000;;;1
suf20;SOZIALES_UND_FREIZEIT;Lieferung Bio-Essen;Du hast keine Lust mehr zu kochen, daher lässt du dir lieber hervorragendes Bio-Essen liefern.;1;;-3000;;;1
suf21;SOZIALES_UND_FREIZEIT;Volleyballverein;Du meldest dich im Volleyballverein an und wirst Teil einer aktiven Mannschaft.;1;1;-500;;;1
suf22;SOZIALES_UND_FREIZEIT;Fitness;Du meldest dich im Fitnessstudio an und nimmst dir die Zeit, dreimal wöchentlich mit einem Personaltrainer zu trainieren. Im kommenden Jahr bist du viel seltener krank.;1;;-3000;;;1
suf23;SOZIALES_UND_FREIZEIT;Reinigungskraft;Du möchtest mehr Zeit mit deinen Liebsten verbringen und entscheidest dich für eine Reinigungskraft, die deine Wohnung zukünftig sauber hält.;1;;-5000;;;1
suf24;SOZIALES_UND_FREIZEIT;Schlaftracking;Du stattest dein Schlafzimmer mithilfe neuester Erkenntnisse aus der Schlafforschung aus. Dein Schlaf ist nun deutlich tiefer und du bist tagsüber viel erholter.;1;;-7000;;;1
suf25;SOZIALES_UND_FREIZEIT;Fußballverein;Du meldest dich in einem Fußballverein an, um dich fit zu halten. Dafür benötigst du hochwertige Sportkleidung.;1;2;-1000;;;1
suf26;SOZIALES_UND_FREIZEIT;Pflegedienst;Du beauftragst einen Pflegedienst zur Pflege deiner Großeltern, um mehr Zeit für dich zu haben.;1;;-30000;;;2
suf27;SOZIALES_UND_FREIZEIT;Kantine;Da du nicht mehr kochen möchtest, nutzt du nur noch die Essensangebote in der Kantine.;1;1;-300;;;1
suf28;SOZIALES_UND_FREIZEIT;Hausverwaltung;Du engagierst eine Hausverwaltung für deine Mietwohnung, um mehr Zeit für dich zu haben.;1;;-1200;;;1
suf29;SOZIALES_UND_FREIZEIT;Fundraisingaktion;Du organisierst eine Fundraisingaktion für die Nothilfe nach Naturkatastrophen. Dies nimmt viel Zeit in Anspruch und kostet dich einen Zeitstein.;1;;;-1;;1
suf30;SOZIALES_UND_FREIZEIT;Petition aufsetzen;Du setzt eine Petition auf, die sich für das Bleiberecht für Geflüchtete in Deutschland einsetzt. Dies nimmt viel Zeit in Anspruch und kostet dich einen Zeitstein.;1;;;-1;;1
suf31;SOZIALES_UND_FREIZEIT;Vorstandsarbeit in einem Verein;Du übernimmst einen Vorstandsposten im Tennisverein. Dies nimmt viel Zeit in Anspruch und kostet dich einen Zeitstein.;1;;;-1;;1
suf32;SOZIALES_UND_FREIZEIT;Einsatz für Demokratie;Du setzt einen Informationsflyer auf, der über die demokratischen Werte informiert. Der Druck des Flyers kostet dich 500 €.;1;2;-500;;;1
suf33;SOZIALES_UND_FREIZEIT;Webseite zur Nachbarschaftshilfe;Du setzt eine Webseite auf, die es ermöglicht, sich in der Nachbarschaftshilfe zu engagieren. Das Hosten der Webseite kostet dich 400 €.;1;;-400;;;1
suf34;SOZIALES_UND_FREIZEIT;Sterbebegleitung;Du entscheidest dich, einen ehrenamtlichen Kurs zur Sterbebegleitung zu absolvieren. Dies kostet dich einen Zeitstein.;1;;;-1;;1
suf35;SOZIALES_UND_FREIZEIT;Valentinstag;Obwohl du am Valentinstag Single bist, entscheidest du dich dazu, jedem glücklichen Paar, das dir heute über den Weg läuft, eine Rose zu schenken.;1;1;-80;;;1
suf36;SOZIALES_UND_FREIZEIT;Aufklärung Menschenhandel;Du gehst auf die Straße und klärst Menschen über moderne Sklaverei auf. Menschenhandel gehört leider nicht der Vergangenheit an, sondern ist traurige Gegenwart. Dafür kaufst du Plakate und Flyer.;1;;-1000;;;1
suf37;SOZIALES_UND_FREIZEIT;Arbeit im Eine-Welt-Laden;Du entscheidest dich, ehrenamtlich jede Woche im Eine-Welt-Laden zu arbeiten, der fair gehandelte Produkte verkauft.;1;;;-1;;1
suf38;SOZIALES_UND_FREIZEIT;Geschenke Obdachlose;Du verteilst Nikolausgeschenke an Obdachlose in deiner Stadt.;1;;-150;;;1
suf39;SOZIALES_UND_FREIZEIT;Clean-up-Aktion;Du machst bei einer Clean-up-Aktion in deiner Stadt mit.;1;2;;;;1
suf40;SOZIALES_UND_FREIZEIT;Stipendium in Indonesien;Du übernimmst die Stipendienkosten für zwei Geschwister in Indonesien.;1;;-4000;;;1
suf41;SOZIALES_UND_FREIZEIT;Nachbarschaftsgarten;Du engagierst dich für einen gemeinschaftlichen Nachbarschaftsgarten, in dem sich die Bewohnenden Ernte, Kosten und Risiken teilen.;1;1;-200;;;1
suf42;SOZIALES_UND_FREIZEIT;Interventionsprogramm;Du organisierst ein Interventionsprogramm gegen häusliche Gewalt.;2;;-5000;;;1
suf43;SOZIALES_UND_FREIZEIT;Geschenke Obdachlose;Du verteilst Nikolausgeschenke an Obdachlose in deiner Stadt.;2;;-2000;;;1
suf44;SOZIALES_UND_FREIZEIT;Besuch Pflegeheim;Du besuchst eine Pflegeeinrichtung und veranstaltest mit den Bewohnenden einen Brettspielabend.;2;;;-1;;1
suf45;SOZIALES_UND_FREIZEIT;Mentoring an der Universität;Du engagierst dich an der Universität und unterstützt junge Absolventinnen und Absolventen beim Berufseinstieg.;2;;;-1;;1
suf46;SOZIALES_UND_FREIZEIT;Charity-Event;Du organisierst ein Charity-Event zugunsten benachteiligter Menschen in Niger.;2;;-50000;;;1
suf47;SOZIALES_UND_FREIZEIT;Spende;Du spendest einmalig 2.000 € für einen wohltätigen Zweck.;2;;-2000;;;1
suf48;SOZIALES_UND_FREIZEIT;Sponsoring;Du engagierst dich als Sponsor eines Charity-Events für krebskranke Kinder.;2;;-20000;;;2
suf49;SOZIALES_UND_FREIZEIT;Spende;Aufgrund deiner Liebe zu Tieren entscheidest du dich dazu, die lokalen Tierheime zu unterstützen. Dafür spendest du 8.000 €.;2;;-8000;;;1
suf50;SOZIALES_UND_FREIZEIT;Mathenachhilfe;Du gibst kostenlose Mathenachhilfe für Kinder in deinem Viertel. Das kostet dich einen Zeitstein.;2;;;-1;;1
suf51;SOZIALES_UND_FREIZEIT;Patenschaft;Du übernimmst die Patenschaft für drei Kinder in Moldawien und kümmerst dich um ihre Schulbildung.;2;;-14000;;;1
suf52;SOZIALES_UND_FREIZEIT;Spazieren mit Hunden;Du hilfst dem örtlichen Tierheim und gehst dreimal wöchentlich mit Hunden spazieren. Das kostet dich einen Zeitstein.;2;;;-1;;1
suf53;SOZIALES_UND_FREIZEIT;Ehrenamtliches Engagement;Du engagierst dich wöchentlich in einem Jugendzentrum eines Brennpunktviertels. Die Arbeit macht Spaß, erfordert aber viel Zeit. Du verlierst einen Zeitstein.;2;;;-1;;1
suf54;SOZIALES_UND_FREIZEIT;Teilnahme Spendenmarathon;Du nimmst an einem Spendenmarathon für krebskranke Kinder teil. Die Suche nach Sponsoren kostet Zeit. Du verlierst einen Zeitstein.;2;;;-1;;1
suf55;SOZIALES_UND_FREIZEIT;Ehrenamtliches Engagement;Du fliegst nach Bangladesch, um sechs Monate Englisch an einer neuen Schule zu unterrichten.;2;;-20000;;;1
suf56;SOZIALES_UND_FREIZEIT;Schule Fidschi;Du nutzt deinen Jahresurlaub, um eine Schule auf Fidschi aufzubauen.;2;;-30000;;;2
suf57;SOZIALES_UND_FREIZEIT;Musikkurs;Du meldest dich in einem neuen Musikkurs an, um deine Fähigkeiten zu verbessern und neue Kontakte zu knüpfen.;2;;-7600;;;1
suf58;SOZIALES_UND_FREIZEIT;Sprachtandem;Du bildest ein regelmäßiges Sprachtandem mit deiner neuen Nachbarin aus Spanien und lernst viel über die Sprache und die fremde Kultur.;2;;;-1;;1
suf59;SOZIALES_UND_FREIZEIT;Spende;Du spendest einmalig 5.000 € für einen wohltätigen Zweck.;2;;-5000;;;1
suf60;SOZIALES_UND_FREIZEIT;Spazieren mit Hunden;Du hilfst dem örtlichen Tierheim und gehst dreimal wöchentlich mit Hunden spazieren. Das kostet dich einen Zeitstein.;3;;;-1;;1
suf61;SOZIALES_UND_FREIZEIT;Teilnahme Spendenmarathon;Du nimmst an einem Spendenmarathon für krebskranke Kinder teil. Die Suche nach Sponsoren kostet dich jedoch Zeit.;2;;;-1;;1
suf62;SOZIALES_UND_FREIZEIT;Ehrenamtliches Engagement;Du engagierst dich wöchentlich in einem örtlichen Seniorenzentrum. Das kostet dich einen Zeitstein.;2;;;-1;;1
suf63;SOZIALES_UND_FREIZEIT;Sponsoring;Du engagierst dich als Sponsor einer Ferienfreizeit für Kinder, die in einem Hospiz leben.;3;;-30000;;;2
suf64;SOZIALES_UND_FREIZEIT;Spende;Aufgrund deiner Liebe zu Tieren entscheidest du dich dazu, die lokalen Tierheime zu unterstützen. Dafür spendest du 10.000 €.;3;;-10000;;;1
suf65;SOZIALES_UND_FREIZEIT;Geschenke Obdachlose;Du verteilst Ostergeschenke an obdachlose Menschen in deiner Stadt.;3;;-5000;;;1
suf66;SOZIALES_UND_FREIZEIT;Besuch Pflegeheim;Du besuchst eine Pflegeeinrichtung und veranstaltest mit den Bewohnenden einen Brettspielabend.;3;;;-1;;1
suf67;SOZIALES_UND_FREIZEIT;Ehrenamtliches Engagement;Du engagierst dich in einem Haus für Menschen mit geistiger Behinderung. Dies kostet dich einen Zeitstein.;3;;;-1;;1
suf68;SOZIALES_UND_FREIZEIT;Berufsorientierung am Gymnasium;Du engagierst dich an einem Gymnasium und unterstützt Schülerinnen und Schüler bei der Berufsorientierung.;3;;;-1;;1
suf69;SOZIALES_UND_FREIZEIT;Spende;Du spendest einmalig 10.000 € für einen wohltätigen Zweck.;3;;-10000;;;1
suf70;SOZIALES_UND_FREIZEIT;Patenschaft;Du übernimmst die Patenschaft für drei Kinder in Moldawien und schreibst ihnen regelmäßig.;1;;-6000;;;1
suf71;SOZIALES_UND_FREIZEIT;Babysitten;Du hilfst jungen Paaren kostenlos beim Babysitten aus, damit sie wieder mehr Zeit haben, um ihre Beziehung zu pflegen. Dies kostet dich einen Zeitstein.;3;;;-1;;1
suf72;SOZIALES_UND_FREIZEIT;Ehrenamtliches Engagement;Du engagierst dich wöchentlich in einem örtlichen Jugendzentrum. Dies kostet dich einen Zeitstein.;3;;;-1;;1
suf73;SOZIALES_UND_FREIZEIT;Charity-Event;Du organisierst ein Charity-Event zugunsten benachteiligter Menschen in Niger.;3;;-70000;;;1
suf74;SOZIALES_UND_FREIZEIT;Spende;Du spendest einmalig 5.000 € für einen wohltätigen Zweck.;3;;-5000;;;1
suf75;SOZIALES_UND_FREIZEIT;Treffen mit Mitbewohnenden;Du triffst dich regelmäßig mit deinen neuen Mitbewohnenden aus dem Iran zum Abendessen. Bei gutem Essen und langen Gesprächen lernst du viel über die dir fremde Kultur.;3;;;-1;;1
suf76;SOZIALES_UND_FREIZEIT;Jahresurlaub;Du nutzt deinen Jahresurlaub, um eine Schule nach einem Erdbeben aufzubauen.;3;;-40000;;;2
suf77;SOZIALES_UND_FREIZEIT;Unterricht Waisenheim;Du gehst für sechs Monate nach Tansania, um Englisch in einem Waisenheim zu unterrichten.;3;;-10000;;;1
suf78;SOZIALES_UND_FREIZEIT;Teilnahme Spendenmarathon;Du nimmst an einem Spendenmarathon für krebskranke Kinder teil. Die Suche nach Sponsoren kostet dich jedoch Zeit.;3;;;-1;;1
suf79;SOZIALES_UND_FREIZEIT;Steuerberaterin;Deine Unterlagen der letzten Jahre wachsen dir über den Kopf. Deshalb engagierst du eine Steuerberaterin.;1;2;-2000;;;1
suf80;SOZIALES_UND_FREIZEIT;Finanz- und Steuerberaterin;Auf Empfehlung engagierst du eine kompetente Finanz- und Steuerberaterin.;1;;-3500;;;1
suf81;SOZIALES_UND_FREIZEIT;Lieferung Einkäufe;Du entscheidest dich dazu, dir deine Einkäufe an die Haustüre zu liefern.;1;2;-2000;;;1
suf83;SOZIALES_UND_FREIZEIT;Pflegedienst;Du engagierst einen Pflegedienst für deine Großeltern und nutzt die gemeinsame Zeit für Spaziergänge und Kaffeenachmittage.;2;;-30000;;;2
suf84;SOZIALES_UND_FREIZEIT;Putzdienst;Du engagierst einen kompetenten Reinigungsdienst für dein Chaos.;2;;-14000;;;1
suf85;SOZIALES_UND_FREIZEIT;Familienreise;Du buchst eine Reise für dich und deine Familie nach Irland. Du genießt mit deiner Familie die erholsame und ruhige Zeit in der Natur.;2;;-34000;;;1
suf86;SOZIALES_UND_FREIZEIT;Schlaftracking;Du stattest dein Schlafzimmer mithilfe neuester Erkenntnisse aus der Schlafforschung aus. Dein Schlaf ist nun deutlich tiefer und du bist tagsüber viel erholter.;2;;-9800;;;1
suf87;SOZIALES_UND_FREIZEIT;Plastikfreier Haushalt;Du stellst auf einen plastikfreien Haushalt um. Seit du konsequent auf plastikfreie Alternativen setzt, hast du das Gefühl, bewusster zu leben und schläfst mit einem ruhigeren Gewissen.;2;;-11000;;;1
suf88;SOZIALES_UND_FREIZEIT;Lieferung Einkäufe;Du gehst nicht mehr selbst einkaufen – stattdessen lässt du dir deine Einkäufe per Drohne nach Hause liefern. So bleibt dir mehr Zeit für dich und deine Freunde.;2;;-4000;;;1
suf89;SOZIALES_UND_FREIZEIT;Steuerberaterin;Deine Unterlagen vom letzten Jahr wachsen dir über den Kopf. Deshalb engagierst du eine Steuerberaterin.;2;;-5000;;;1
suf90;SOZIALES_UND_FREIZEIT;Dauerkarte 1. Liga;Verpasse kein Spiel mehr: Du kaufst dir eine Dauerkarte für deinen Lieblingsverein und fährst zu jedem Heimspiel. Du musst 7.000 € Kosten für die Dauerkarte und An- und Abreise zu den Spielen zahlen.;2;;-7000;;;1
suf91;SOZIALES_UND_FREIZEIT;Finanz- und Steuerberaterin;Auf Empfehlung engagierst du eine kompetente Finanz- und Steuerberaterin.;2;;-8700;;;1
suf92;SOZIALES_UND_FREIZEIT;Au-pair;Du engagierst eine Au-pair-Betreuung und genießt die neue Freizeit.;2;;-12000;;;1
suf93;SOZIALES_UND_FREIZEIT;Persönliche Stylistin;Du stellst deine persönliche Stylistin ein. Du ersparst dir dadurch lästige Shopping-Touren.;2;;-15000;;;1
suf94;SOZIALES_UND_FREIZEIT;Persönliche Assistentin;Du stellst eine persönliche Assistentin ein, die dich bei deinen beruflichen Aufgaben unterstützt.;2;;-7500;;;1
suf95;SOZIALES_UND_FREIZEIT;Fitness;Du meldest dich in einem Fitnessstudio an und trainierst dreimal wöchentlich mit einem Personaltrainer. Daher bist du im kommenden Jahr seltener krank.;2;;-9000;;;1
suf96;SOZIALES_UND_FREIZEIT;Betreuung Buchhaltung;Du beauftragst ein Unternehmen mit der Betreuung deiner Buchhaltung und deiner Termine. So bleibt dir mehr Zeit für die wichtigen Dinge.;2;;-5000;;;1
suf97;SOZIALES_UND_FREIZEIT;Privatköchin;Deine Kochfähigkeiten sind miserabel und die Küche ist danach immer ein Schlachtfeld. Daher engagierst du eine Privatköchin für dich und deine Liebsten.;2;;-43000;;;1
suf98;SOZIALES_UND_FREIZEIT;Whirlpool;Du lässt dir einen Whirlpool in den Garten bauen, um nach der Arbeit gemütlich entspannen zu können. Du erhältst jetzt überraschenderweise viel mehr Besuch von deiner Nachbarschaft.;2;;-20000;;;1
suf99;SOZIALES_UND_FREIZEIT;Privatsauna;Du lässt dir eine Privatsauna als Ausgleich vom stressigen Alltag bauen. Die Auszeit mit deinen Freunden tut dir gut. Das kostet dich einen Zeitstein.;2;;-50000;-1;;2
suf100;SOZIALES_UND_FREIZEIT;Jahresabo Bio-Essen;Du hast keine Lust mehr zu kochen, daher lässt du dir hervorragendes Bio-Essen im Jahresabo zur Arbeit und direkt in deine Wohnung liefern.;2;;-14500;;;1
suf101;SOZIALES_UND_FREIZEIT;Markt;Du kaufst nur noch auf dem Markt ein, um dich gesünder zu ernähren. Dadurch fühlst du dich gut und fit.;2;;-8000;;;1
suf102;SOZIALES_UND_FREIZEIT;Dauerkarte 1. Liga;Verpasse kein Spiel mehr: Du kaufst dir eine VIP-Dauerkarte für deinen Favoriten in der ersten Liga und fährst zu jedem Heimspiel. Zusammen mit den Übernachtungen vor Ort kostet dich das 30.000 €.;3;;-30000;;;1
suf103;SOZIALES_UND_FREIZEIT;Schwimmbad;Du lässt dir ein privates, kleines Schwimmbad als Ausgleich vom stressigen Alltag bauen. Die Auszeit mit deinen Freunden wird dir helfen. Du verlierst einen Zeitstein.;3;;-78000;-1;;2
suf104;SOZIALES_UND_FREIZEIT;Finanz- und Steuerberaterin;Auf Empfehlung engagierst du eine kompetente Finanz- und Steuerberaterin.;3;;-15000;;;1
suf105;SOZIALES_UND_FREIZEIT;Umzug;Du ziehst in eine neue und zentral gelegene Wohnung – lange Anfahrten gehören der Vergangenheit an.;3;;-33000;;;1
suf106;SOZIALES_UND_FREIZEIT;Pflegedienst;Du engagierst einen Pflegedienst für deine Großeltern und nutzt die gemeinsame Zeit für Spaziergänge und Kaffeenachmittage.;3;;-45000;;;2
suf107;SOZIALES_UND_FREIZEIT;Ferienhaus in Italien;Du kaufst dir ein wunderschönes, kleines Ferienhaus in Italien. Ab jetzt genießt du regelmäßig die Natur, Espresso und ganz viel Pasta.;3;;-97000;;;1
suf108;SOZIALES_UND_FREIZEIT;Umzug;Du ziehst in eine ruhige Wohnung ein paar Straßen weiter mit einer besseren Dämmung. Dein Schlaf ist nun deutlich tiefer und du bist tagsüber viel erholter.;3;;-33800;;;1
suf109;SOZIALES_UND_FREIZEIT;Bergwelt;Für ein paar Wochen ziehst du dich in die einsame und schöne Bergwelt zurück, damit du zur Ruhe kommen kannst.;3;;;-1;;1
suf110;SOZIALES_UND_FREIZEIT;Garten- und Landschaftspflege;Du engagierst eine Garten- und Landschaftspflege für deinen Garten und genießt deine neu gewonnene Freizeit.;3;;-32000;;;1
suf111;SOZIALES_UND_FREIZEIT;Steuerberaterin;Deine Unterlagen vom letzten Jahr wachsen dir über den Kopf. Deshalb engagierst du eine Steuerberaterin.;3;;-10000;;;1
suf112;SOZIALES_UND_FREIZEIT;Zweitwohnung Südsee;Du verbringst die triste Jahreszeit nun in einer Zweitwohnung in der Südsee. Die Sonne verschafft dir neuen Auftrieb und deine Aufgaben gehen dir leicht von der Hand.;3;;-66000;;;1
suf113;SOZIALES_UND_FREIZEIT;Fitness;Du legst dir ein eigenes Fitnesszimmer zu, das optimal auf dich ausgerichtet ist und dir hilft, für deine vielen Ziele in Form zu bleiben.;3;;-43000;;;1
suf114;SOZIALES_UND_FREIZEIT;Privatköchin;Du engagierst eine Privatköchin für dich und deine Liebsten, damit ihr immer mit frischen und gesunden Mahlzeiten versorgt seid.;3;;-52000;;;1
suf115;SOZIALES_UND_FREIZEIT;Betreuung Buchhaltung;Du beauftragst ein Unternehmen mit der Betreuung deiner Buchhaltung und deiner Termine. So bleibt dir mehr Zeit für die wichtigen Dinge.;3;;-5000;;;1
suf116;SOZIALES_UND_FREIZEIT;Naturteich;Du lässt dir einen Naturteich in den Garten bauen, um nach der Arbeit gemütlich entspannen zu können. Du erhältst jetzt überraschenderweise viel mehr Besuch von deiner Nachbarschaft.;3;;-44000;;;1
suf117;SOZIALES_UND_FREIZEIT;Analyse Biorhythmus;Du lässt eine aufwändige Analyse deines Biorhythmus erstellen und arbeitest nun viel effektiver und damit zeitsparender.;3;;-44500;;;1
suf118;SOZIALES_UND_FREIZEIT;Abgestimmte Nahrungsergänzungsmittel;Du bestellst dir ein regelmäßiges Abo für auf deine Körperwerte abgestimmte Nahrungsergänzungsmittel, die dich fit halten sollen.;3;;-32000;;;1
suf119;SOZIALES_UND_FREIZEIT;Ergänzung Weinsammlung;Du ergänzt deine Weinsammlung mit einem Einkauf in Napa, Kalifornien. Das Wachstum deines Weinkellers macht dir viel Freude und belebt dich.;3;;-47000;;;1
suf120;SOZIALES_UND_FREIZEIT;Party;Du planst eine aufwändige Party für dein gesamtes Umfeld, um dich für die Unterstützung zu bedanken. Die Vorbereitung kostet dich viel Zeit.;3;;;-1;;1
suf121;SOZIALES_UND_FREIZEIT;Lieferung Einkäufe;Du gehst nicht mehr selbst einkaufen. Stattdessen lässt du dir deine Einkäufe per Drohne nach Hause liefern. So bleibt dir mehr Zeit für dich und deine Freunde.;3;;-12000;;;1
suf122;SOZIALES_UND_FREIZEIT;Arbeit im Eine-Welt-Laden;Du arbeitest ehrenamtlich wöchentlich im Eine-Welt-Laden, der fair gehandelte Produkte verkauft.;2;;;-1;;1
suf123;SOZIALES_UND_FREIZEIT;Arbeit im Eine-Welt-Laden;Du arbeitest ehrenamtlich wöchentlich im Eine-Welt-Laden, der fair gehandelte Produkte verkauft.;3;;;-1;;1
suf124;SOZIALES_UND_FREIZEIT;Fundraisingaktion;Du organisierst eine Fundraisingaktion für die Nothilfe nach Naturkatastrophen. Dies nimmt viel Zeit in Anspruch und kostet dich einen Zeitstein.;2;;;-1;;1
suf125;SOZIALES_UND_FREIZEIT;Fundraisingaktion;Du organisierst eine Fundraisingaktion für die Nothilfe nach Naturkatastrophen. Dies nimmt viel Zeit in Anspruch und kostet dich einen Zeitstein.;3;;;-1;;1
suf126;SOZIALES_UND_FREIZEIT;Haushaltshilfe;Du engagierst eine Haushaltshilfe.;2;;-40000;;;2
suf127;SOZIALES_UND_FREIZEIT;Haushaltshilfe;Du engagierst eine Haushaltshilfe.;3;;-70000;;;2
suf128;SOZIALES_UND_FREIZEIT;Patenschaft;Du übernimmst die Patenschaft für drei Geschwister in Moldawien und schreibst ihnen regelmäßig.;3;;-20000;;;1
suf129;SOZIALES_UND_FREIZEIT;Plattform Mitfahrgelegenheit;Du baust eine Plattform für Mitfahrgelegenheiten im ländlichen Bereich auf. Dies kostet dich 1.500 €.;1;2;-1500;;;1
suf130;SOZIALES_UND_FREIZEIT;Food-Sharing;Du bist beim Food-Sharing aktiv. Dadurch kannst du Geld sparen (+ 1.000 €) und dein soziales Netzwerk ausbauen. Aber es kostet dich viel Zeit.;1;2;1000;-1;;1
suf131;SOZIALES_UND_FREIZEIT;Upcycling;Indem du alte Geräte im Repair-Café aufarbeitest, sparst du dir Geld für neue Anschaffungen (+ 1.000 €). Zusätzlich knüpfst du neue Kontakte. Jedoch kostet dich das Reparieren Zeit.;1;;1000;-1;;1
suf132;SOZIALES_UND_FREIZEIT;Baumpflanzaktion;Du machst bei einer Baumpflanzaktion in deiner Stadt mit.;1;;;;;1
suf133;SOZIALES_UND_FREIZEIT;Insektenhotel;Du hilfst beim Bau von Insektenhotels.;1;;;;;1
suf134;SOZIALES_UND_FREIZEIT;Gründung Gemeinschaftsgarten;Du gründest einen Gemeinschaftsgarten und pachtest dafür eine Fläche an, um Blumen, Gemüse und Kräuter anzubauen.;2;;-5000;;;1
suf135;SOZIALES_UND_FREIZEIT;Digitale Tauschbörse;Du baust eine digitale Tauschbörse für Gartengeräte und Maschinen auf.;2;;-8000;;;1
suf136;SOZIALES_UND_FREIZEIT;Upcycling;Du organisierst eine Upcycling-Initiative, bei der du mit einer Gruppe von Freiwilligen alte Kleidung zu neuen, modischen Kleidungsstücken umgestaltest.;2;;-4000;;;1
suf137;SOZIALES_UND_FREIZEIT;Permakultur;Du startest ein Permakultur-Projekt, bei dem du nachhaltige landwirtschaftliche Praktiken förderst und den Boden regenerierst. Du lädst andere dazu ein, dazuzulernen und die Prinzipien der nachhaltigen Landwirtschaft zu übernehmen.;2;;-10000;;;1
suf138;SOZIALES_UND_FREIZEIT;Ökologisches Wirtschaftsnetzwerk;Du baust ein Netzwerk von Unternehmen, Landwirten und Konsumenten auf, das sich der Förderung von ökologisch nachhaltigen Wirtschaftsmodellen verschreibt.;3;;-25000;;;1
suf139;SOZIALES_UND_FREIZEIT;Zero-Waste-Modell;Du führst ein Zero-Waste-Modell für deine Stadt ein. Dafür befragst du viele Fachleute, und der Aufbau des Modells erfordert 30.000 € Startkapital.;3;;-30000;;;1
suf140;SOZIALES_UND_FREIZEIT;Unterstützung nachhaltige Forschung;Du unterstützt mit 40.000 € ein Forschungsprojekt, das Kohlendioxid aus der Atmosphäre entfernt und dauerhaft bindet.;3;;-40000;;;1
suf141;SOZIALES_UND_FREIZEIT;Aufbau Solarpark;Um deine Stadt klimaneutraler zu gestalten, baust du einen großen Solarpark für 45.000 € am Rande deiner Stadt.;3;;-45000;;;1
suf142;SOZIALES_UND_FREIZEIT;Einkaufsgemeinschaft;Du organisierst eine Einkaufsgemeinschaft in deiner Nachbarschaft. Ihr bestellt gesammelt und lasst umweltschonend liefern.;1;2;-2000;;;1
suf143;SOZIALES_UND_FREIZEIT;Vorstandsarbeit in einem Verein;Du übernimmst einen Vorstandsposten im Tennisverein. Dies nimmt viel Zeit in Anspruch und kostet dich einen Zeitstein.;2;;;-1;;1
suf144;SOZIALES_UND_FREIZEIT;Vorstandsarbeit in einem Verein;Du übernimmst einen Vorstandsposten im Tennisverein. Dies nimmt viel Zeit in Anspruch und kostet dich einen Zeitstein.;3;;;-1;;1
;;;;;;;;;
;;;;;;;;;
;;;;;;;;;
;;;;;;;;;
