Beschreibungen;;;;Zeitsteine;;;Kompetenzsteine;;;;;;ModifierKosten;;;;Zusätzliche Modifier;;;;Auswirkungen;;;;;conditionalResourceChanges;;;;;;;;;;;;;;;;;
id;type;title;description;sumZeitsteine2Spieler;sumZeitsteine3Spieler;sumZeitsteine4Spieler;maxBildungUndKarriere;maxFreizeitUndSoziales;maxInvestitionen;maxJobs;Summe Kategoriesteine 3/4 Spieler;Summe Kategoriesteine 2 Spieler;GEHALT;BildungKarriereKosten;FreizeitSozialesKosten;Lebenshaltungskosten;modifierId1;modifierValue1;modifierId2;modifierValue2;Kreditzins;Aktien Kursbonus;Crypto Kursbonus;Dividende;Immobilien;description1;prerequisite1;resourceChange1;value1;description2;prerequisite2;resourceChange2;value2;Zeitsteine, anzeigen als Verständnis, die Anzahl der Zeitsteine ist ja vorne schon berechnet;;;;;;;;;
1;AUFSCHWUNG;Aufschwung I – Erste Erholung;Eine globale Krise hat die internationalen Lieferketten stark gestört. Der Konsum ist weiterhin verhalten, da Haushalte und Unternehmen vorsichtig agieren. Die Unternehmen beginnen jedoch, ihre Lager aufzufüllen und neue Beschäftigte einzustellen. Die Zentralbank hält den Leitzins mit 1 % niedrig, um günstige Kredite zu ermöglichen und dadurch Investitionen sowie Konsumausgaben zu fördern.;12;15;20;7;6;6;5;24;20;100;100;100;100;;;;;4;5;10;1.4;2;;;;;;;;; +1 Zeitstein für alle;;;;;;;;;
2;AUFSCHWUNG;Aufschwung II – Stabile Expansion;Ein staatliches Infrastrukturpaket sorgt für wirtschaftlichen Schwung. Straßen, Bahnlinien und digitale Netze werden ausgebaut, wodurch neue Arbeitsplätze entstehen. Die Konjunktur festigt sich zunehmend, und die Zentralbank reagiert vorsichtig. Sie erhöht den Leitzins auf 1,5 %, um zukünftigen Inflationsrisiken vorzubeugen. Die Kreditzinsen bleiben dennoch attraktiv, sodass der Aufschwung weiterhin unterstützt wird.;10;12;16;6;4;5;5;20;16;100;100;100;100;;;;;4.5;7;15;1.5;10;;;;;;;;;;;;;;;;;;
3;AUFSCHWUNG;Aufschwung III – Kräftiges Wachstum;Neue technologische Innovationen führen zu einer deutlich höheren Produktivität und setzen neue Wachstumsimpulse. Unternehmen investieren in Zukunftstechnologien und schaffen zahlreiche Arbeitsplätze. Weil die Wirtschaft nun robust wächst, hebt die Zentralbank den Leitzins auf 2 % an, um einer möglichen Überhitzung entgegenzuwirken. Die Kredite verteuern sich dadurch moderat. Trotz steigender Zinsen investieren die Unternehmen jedoch weiter, da die erwarteten Renditen von Zukunftstechnologien hoch sind.;10;12;16;6;4;5;5;20;16;100;105;105;105;;;;;5;8;20;1.5;4;Einmalige Gehaltssonderzahlung i.H.v. 1000 €;HAS_JOB;guthabenChange;1000;;;;;;;;;;;;;;
4;AUFSCHWUNG;Aufschwung IV – Späte Phase;Die Nachfrage nach Exportprodukten ist hoch, doch Fachkräfte und Rohstoffe werden zunehmend knapp. Unternehmen stoßen an ihre Kapazitätsgrenzen, was steigende Löhne und erste Anzeichen von Inflation zur Folge hat. Die Zentralbank greift nun entschiedener ein und hebt den Leitzins auf 2,5 % an, um die Wirtschaft sanft abzubremsen und eine Überhitzung zu verhindern. Die dadurch steigenden Kreditkosten erschweren erstmals die Finanzierung neuer Investitionen.;8;9;12;5;4;4;3;16;12;100;105;105;105;;;;;5.5;4;24;1.6;3;Einmalig 500 € für steigende Lebensmittelpreise;;guthabenChange;-500;;;;; -1 Zeitstein für alle;;;;;;;;;
5;BOOM;Boom I – Frühe Expansion;Die niedrigen Zinssätze der vergangenen Jahre führen dazu, dass Unternehmen und Haushalte weiterhin umfangreich investieren und konsumieren. Die Wirtschaft wächst stabil, die Stimmung bleibt optimistisch und die Arbeitsplätze gelten als sicher. Angesichts der guten wirtschaftlichen Lage belässt die Zentralbank den Leitzins bei 2 %, sodass Kredite weiterhin zu attraktiven Konditionen verfügbar sind.;12;15;20;7;5;7;5;24;20;100;100;100;100;;;;;5;8;28;1.6;4;;;;;;;;; +1 Zeitstein für alle;;;;;;;;;
6;BOOM;Boom II – Mittlere Expansion;Ein globaler Handelsboom sorgt für Rekordgewinne bei den Unternehmen und spürbar steigende Löhne. Die Kaufkraft der Haushalte nimmt stark zu und zahlreiche Märkte expandieren. Da die Wirtschaft nun auf Hochtouren läuft und die Inflationsrisiken steigen, hebt die Zentralbank den Leitzins auf 3 % an. Die höheren Kreditkosten bremsen die Investitionen bislang jedoch kaum, da die Unternehmensgewinne weiterhin hoch sind.;10;12;16;6;4;5;5;20;16;100;105;105;105;;;;;6;10;34;1.8;5;Einmalige Lohnsonderzahlung i.H.v. 10 % des Erwerbseinkommens;HAS_JOB;Lohnsonderzahlung;10;;;;;;;;;;;;;;
7;BOOM;Boom III – Überhitzung;Eine globale Rohstoffknappheit treibt die Preise weltweit in die Höhe. Unternehmen haben Mühe, die steigenden Kosten vollständig weiterzugeben, während sich zugleich erste Anzeichen einer Blasenbildung zeigen. Spekulationen haben dazu geführt, dass sich die Immobilienpreise zunehmend von den fundamentalen wirtschaftlichen Kennzahlen entkoppelt haben. Die Zentralbank reagiert mit einer deutlichen Anhebung des Leitzinses auf 4 %, um die Inflation zu bekämpfen. Die merklich gestiegenen Kreditkosten dämpfen bereits neue Investitionen.;8;9;12;6;2;4;4;16;12;100;110;110;110;;;;;7;4;30;1.8;12;Immobilienblase: für jede Immobilie fallen Steuern i.H.v. 1000 € pro Objekt an;;Grundsteuer;-1000;;;;; -1 Zeitstein für alle;;;;;;;;;
8;BOOM;Boom IV – Asset-Blase;Die langjährig niedrigen Zinsen haben spekulative Investitionen in Aktien, Immobilien und Kryptowährungen massiv begünstigt. Die Preise dieser Vermögenswerte sind stark überhöht und haben sich weit von ihren fundamentalen Werten entfernt. Die Zentralbank zieht nun deutlich die geldpolitische Bremse und hebt den Leitzins auf 5 % an, wodurch Kredite erheblich teurer werden. Experten warnen, dass die Wirtschaft vor einer Korrektur steht und eine Rezession droht, falls ein unerwarteter Schock eintritt.;10;12;16;6;2;7;5;20;16;100;115;115;115;INCREASED_CHANCE_FOR_REZESSION;;;;8;12;40;2.1;10;Einmalige Grundsteuer pro Immobilie i.H.v. 1000 € pro Objekt;;Grundsteuer;-1000;;;;;;;;;;;;;;
9;REZESSION;Rezession I – Sanfte Abkühlung;Die Wirtschaft verliert leicht an Schwung, da internationale Handelskonflikte und erste Nachfragerückgänge Spuren hinterlassen. Unternehmen investieren vorsichtiger und verschieben größere Projekte. Die Zentralbank erkennt die schwache Entwicklung und senkt den Leitzins auf 1 %, wodurch Kredite günstig bleiben und ein stärkerer Abschwung verhindert werden soll. Der Staat reagiert mit einem Bildungsgutschein, um die Weiterbildung der Arbeitnehmer zu fördern.;10;12;16;5;7;4;4;20;16;100;100;100;100;;;;;5;-5;4;1.4;-2;Bildungs-Bonus: 1 Bildungs- & Karrierepunkt;;bildungKompetenzsteinChange;1;;;;;;;;;;;;;;
10;REZESSION;Rezession II – Nachfragerückgang;Ein stärkerer Rückgang der Nachfrage belastet zunehmend die Wirtschaft. Immer mehr Unternehmen müssen Kurzarbeit anmelden, wodurch Arbeitszeit und Einkommen sinken. Die Zentralbank hält den Leitzins auf dem niedrigen Niveau von 1 %, um weitere Schäden zu verhindern, doch die erhoffte Belebung bleibt vorerst aus. Die Unternehmen setzen aufgrund der schwierigen Lage Lohnsonderzahlungen aus, was den privaten Konsum zusätzlich belastet.;10;12;16;5;7;5;3;20;16;95;100;100;100;;;;;5.5;-9;-6;1.3;-4;minus 1 Zeitstein wenn Erwerbseinkommen;HAS_JOB;zeitsteineChange;-1;;;;; -1 Zeitstein, wenn Erwerbseinkommen vorhanden;;;;;;;;;
11;REZESSION;Rezession III – Nachfrageschwäche;Aufgrund eines anhaltenden Abschwungs bleibt die Stimmung in der Wirtschaft gedrückt. Unternehmen zeigen sich vorsichtig bei Neueinstellungen und Investitionen. Um die anhaltende Nachfrageschwäche abzumildern, senkt die Zentralbank den Leitzins auf 0,75 %, was zu sehr niedrigen Kreditkosten führt. Zusätzlich versucht die Regierung, die privaten Haushalte mit einem einmaligen Konjunkturbonus von 500 € pro Person zu unterstützen. Im Gegenzug wird für Immobilienbesitzer eine zusätzliche Grundsteuer erhoben.;10;12;16;5;7;4;4;20;16;100;100;100;100;;;;;5.5;-7;-12;1.2;-5;Konjunkturbonus i.H.v. 500 €;;guthabenChange;500;Grundsteuer pro Immobilie i.H.v. 500 €;;Grundsteuer;-500;;;;;;;;;;
12;REZESSION;Rezession IV – Kreditklemme;Banken werden aufgrund von Kreditausfällen zunehmend zurückhaltender. Unternehmen haben Schwierigkeiten, neue Kredite zu erhalten, wodurch viele Projekte vorerst aufgeschoben werden. Trotz einer Zinssenkung der Zentralbank auf 0,5 % bleibt der Kreditmarkt angespannt. Darlehensnehmer werden zusätzlich durch eine einmalige Zinszahlung belastet, während Immobilienwerte unter Druck geraten.;8;9;12;4;6;4;2;16;12;100;95;95;95;;;;;6.5;-13;-20;1.1;-7;Einmaliger Extrazins für alle mit Darlehen i.H.v. 200 €;HAS_LOAN;Extrazins;-200;;;;; -1 Zeitstein für alle;;;;;;;;;
13;DEPRESSION;Depression I – Einsetzen der Deflation;Die Wirtschaftskrise verschärft sich deutlich. Unternehmen finden kaum noch Abnehmer für ihre Produkte und senken zunehmend ihre Preise, um Käufer anzulocken. Da immer weniger Menschen ihr Geld ausgeben, sinken die Preise weiter und es droht eine gefährliche Spirale. Die Zentralbank senkt den Leitzins nahezu auf null, doch die Zinssenkung zeigt kaum Wirkung. Die Verunsicherung am Markt lässt die Immobilienpreise sinken.;8;9;12;4;7;3;2;16;12;90;95;95;95;;;;;7.25;-16;-26;0.95;-11;;;;;;;;; -1 Zeitstein für alle;;;;;;;;;
14;DEPRESSION;Depression II – Bankenzusammenbruch;Eine Krise eskaliert, als mehrere große Banken plötzlich kurz vor der Insolvenz stehen. Um das gesamte Finanzsystem vor dem Kollaps zu retten, stützt die Regierung die Banken und setzt die Kreditvergabe vorübergehend aus. Daraus resultiert eine Panik an den Märkten. Immobilienpreise und Aktienkurse brechen ein. Dies geschieht trotz des radikalen Eingriffs der Zentralbank, die den Leitzins auf null senkt.;8;9;12;4;7;3;2;16;12;85;90;90;90;KREDITSPERRE;;;;8;-26;-36;0.9;-15;;;;;;;;; -1 Zeitstein für alle;;;;;;;;;
15;DEPRESSION;Depression III – Stagnationstal;Die Wirtschaft scheint am Tiefpunkt einer Krise angekommen zu sein. Unternehmen zögern mit Investitionen und die Menschen sparen, statt ihr Geld auszugeben. Trotz massiver geldpolitischer Maßnahmen der Zentralbank und der Senkung des Leitzinses auf 0 % bleibt die Stimmung gedrückt. Um die Nachfrage kurzfristig anzukurbeln, verteilt der Staat eine einmalige Zahlung an alle Bürger.;8;9;12;4;7;3;2;16;12;85;90;90;90;;;;;7;-3;-16;0.9;-3;Konjunkturbonus i.H.v. 500 € p.P.;;guthabenChange;500;;;;;;;;;;;;;;
16;DEPRESSION;Depression IV – Zäher Boden;Eine lange Krise hat tiefe Spuren hinterlassen. Viele Haushalte sind überschuldet und Unternehmen kämpfen weiterhin ums Überleben. Die Zentralbank hält den Leitzins bei null Prozent und sorgt dafür, dass Kredite günstig bleiben. Politik und Banken einigen sich auf eine teilweise Entschuldung, um die finanziellen Belastungen zu mildern. Infolge dieser Maßnahmen kehrt allmählich Vertrauen in die Wirtschaft zurück und die zuvor gefallenen Kurse beginnen sich zu stabilisieren.;10;12;16;5;7;4;4;20;16;90;90;90;90;;;;;6;5;8;0.9;0;Einmalig für offene Darlehen -1000 €;HAS_LOAN;Extrazins;-1000;;;;;;;;;;;;;;
;;;;;;;;;;;;;;;;;;;;;;;;;;;;;;;;;;;;;;;;;;;
;;;;;;;für 2 Spieler jede Kategorie -1 -> damit gesamt 4 weniger;;;;;;In Prozent;in Prozent;in Prozent;inProzent;;;;;in Prozent;in Prozent;in Prozent;in Euro;in Prozent;;;;;;;;;;;;;;;;;;
;;;;;;;;;;;;;;;;;;;;;;;;;;;;;;;;;;;;;;;;;;;
;;;;;;;;;;;;;;;;;;;;;;;;;;;;;;;;;;;;;;;;;;;
;;;;;;;;;;;;;;;;;;;;;;;;;;;Prerequisites;resourceChanges;;;;;;;;;;;;;;;
;;;;;;;;;;;;;;;;;;;;;;;;;;;HAS_CHILD;guthabenChange;;;;;;;;;;;;;;;
;;;;;;;;;;;;;;;;;;;;;;;;;;;HAS_JOB;zeitsteineChange;;;;;;;;;;;;;;;
;;;;;;;;;;;;;;;;;;;;;;;;;;;HAS_LOAN;bildungKompetenzsteinChange;;;;;;;;;;;;;;;
;;;;;;;;;;;;;;;;;;;;;;;;;;;HAS_NO_CHILD;freizeitKompetenzsteinChange;;;;;;;;;;;;;;;
;;;;;;;;;;;;;;;;;;;;;;;;;;;HAS_SPECIFIC_CARD;Extrazins;;;;;;;;;;;;;;;
;;;;;;;;;;;;;;;;;;;;;;;;;;;NO_PREREQUISITES;Grundsteuer;;;;;;;;;;;;;;;
;;;;;;;;;;;;;;;;;;;;;;;;;;;;Lohnsonderzahlung;;;;;;;;;;;;;;;
;;;;;;;;;;;;;;;;;;;;;;;;;;;;;;;;;;;;;;;;;;;
;;;;;;;;;;;;;;;;;;;;;;;;;;;;;;;;;;;;;;;;;;;
;;;;;;;;;;;;;;;;;;;;;;;;;;;;;;;;;;;;;;;;;;;
;;;;;;;;;;;;;;;;;;;;;;;;;;;;;;;;;;;;;;;;;;;
;;;;;;;;;;;;;;;;;;;;;;;;;;;;;;;;;;;;;;;;;;;
;;;;;;;;;;;;;;;;;;;;;;;;;;;;;;;;;;;;;;;;;;;
;;;;;;;;;;;;;;;;;;;;;;;;;;;;;;;;;;;;;;;;;;;
;;;;;;;;;;;;;;;;;;;;;;;;;;;;;;;;;;;;;;;;;;;
;;;;;;;;;;;;;;;;;;;;;;;;;;;;;;;;;;;;;;;;;;;
;;;;;;;;;;;;;;;;;;;;;;;;;;;;;;;;;;;;;;;;;;;
;;;;;;;;;;;;;;;;;;;;;;;;;;;;;;;;;;;;;;;;;;;
;;;;;;;;;;;;;;;;;;;;;;;;;;;;;;;;;;;;;;;;;;;
;;;;;;;;;;;;;;;;;;;;;;;;;;;;;;;;;;;;;;;;;;;
;;;;;;;;;;;;;;;;;;;;;;;;;;;;;;;;;;;;;;;;;;;
;;;;;;;;;;;;;;;;;;;;;;;;;;;;;;;;;;;;;;;;;;;
;;;;;;;;;;;;;;;;;;;;;;;;;;;;;;;;;;;;;;;;;;;
;;;;;;;;;;;;;;;;;;;;;;;;;;;;;;;;;;;;;;;;;;;
;;;;;;;;;;;;;;;;;;;;;;;;;;;;;;;;;;;;;;;;;;;
;;;;;;;;;;;;;;;;;;;;;;;;;;;;;;;;;;;;;;;;;;;
;;;;;;;;;;;;;;;;;;;;;;;;;;;;;;;;;;;;;;;;;;;
;;;;;;;;;;;;;;;;;;;;;;;;;;;;;;;;;;;;;;;;;;;
;;;;;;;;;;;;;;;;;;;;;;;;;;;;;;;;;;;;;;;;;;;
;;;;;;;;;;;;;;;;;;;;;;;;;;;;;;;;;;;;;;;;;;;
;;;;;;;;;;;;;;;;;;;;;;;;;;;;;;;;;;;;;;;;;;;
;;;;;;;;;;;;;;;;;;;;;;;;;;;;;;;;;;;;;;;;;;;
;;;;;;;;;;;;;;;;;;;;;;;;;;;;;;;;;;;;;;;;;;;
;;;;;;;;;;;;;;;;;;;;;;;;;;;;;;;;;;;;;;;;;;;
;;;;;;;;;;;;;;;;;;;;;;;;;;;;;;;;;;;;;;;;;;;
;;;;;;;;;;;;;;;;;;;;;;;;;;;;;;;;;;;;;;;;;;;
;;;;;;;;;;;;;;;;;;;;;;;;;;;;;;;;;;;;;;;;;;;
;;;;;;;;;;;;;;;;;;;;;;;;;;;;;;;;;;;;;;;;;;;
;;;;;;;;;;;;;;;;;;;;;;;;;;;;;;;;;;;;;;;;;;;
;;;;;;;;;;;;;;;;;;;;;;;;;;;;;;;;;;;;;;;;;;;
;;;;;;;;;;;;;;;;;;;;;;;;;;;;;;;;;;;;;;;;;;;
;;;;;;;;;;;;;;;;;;;;;;;;;;;;;;;;;;;;;;;;;;;
;;;;;;;;;;;;;;;;;;;;;;;;;;;;;;;;;;;;;;;;;;;
;;;;;;;;;;;;;;;;;;;;;;;;;;;;;;;;;;;;;;;;;;;
;;;;;;;;;;;;;;;;;;;;;;;;;;;;;;;;;;;;;;;;;;;
;;;;;;;;;;;;;;;;;;;;;;;;;;;;;;;;;;;;;;;;;;;
;;;;;;;;;;;;;;;;;;;;;;;;;;;;;;;;;;;;;;;;;;;
;;;;;;;;;;;;;;;;;;;;;;;;;;;;;;;;;;;;;;;;;;;
;;;;;;;;;;;;;;;;;;;;;;;;;;;;;;;;;;;;;;;;;;;
;;;;;;;;;;;;;;;;;;;;;;;;;;;;;;;;;;;;;;;;;;;
;;;;;;;;;;;;;;;;;;;;;;;;;;;;;;;;;;;;;;;;;;;
;;;;;;;;;;;;;;;;;;;;;;;;;;;;;;;;;;;;;;;;;;;
;;;;;;;;;;;;;;;;;;;;;;;;;;;;;;;;;;;;;;;;;;;
;;;;;;;;;;;;;;;;;;;;;;;;;;;;;;;;;;;;;;;;;;;
;;;;;;;;;;;;;;;;;;;;;;;;;;;;;;;;;;;;;;;;;;;
;;;;;;;;;;;;;;;;;;;;;;;;;;;;;;;;;;;;;;;;;;;
;;;;;;;;;;;;;;;;;;;;;;;;;;;;;;;;;;;;;;;;;;;
;;;;;;;;;;;;;;;;;;;;;;;;;;;;;;;;;;;;;;;;;;;
;;;;;;;;;;;;;;;;;;;;;;;;;;;;;;;;;;;;;;;;;;;
;;;;;;;;;;;;;;;;;;;;;;;;;;;;;;;;;;;;;;;;;;;
;;;;;;;;;;;;;;;;;;;;;;;;;;;;;;;;;;;;;;;;;;;
;;;;;;;;;;;;;;;;;;;;;;;;;;;;;;;;;;;;;;;;;;;
;;;;;;;;;;;;;;;;;;;;;;;;;;;;;;;;;;;;;;;;;;;
;;;;;;;;;;;;;;;;;;;;;;;;;;;;;;;;;;;;;;;;;;;
;;;;;;;;;;;;;;;;;;;;;;;;;;;;;;;;;;;;;;;;;;;
;;;;;;;;;;;;;;;;;;;;;;;;;;;;;;;;;;;;;;;;;;;
;;;;;;;;;;;;;;;;;;;;;;;;;;;;;;;;;;;;;;;;;;;
;;;;;;;;;;;;;;;;;;;;;;;;;;;;;;;;;;;;;;;;;;;
;;;;;;;;;;;;;;;;;;;;;;;;;;;;;;;;;;;;;;;;;;;
;;;;;;;;;;;;;;;;;;;;;;;;;;;;;;;;;;;;;;;;;;;
;;;;;;;;;;;;;;;;;;;;;;;;;;;;;;;;;;;;;;;;;;;
;;;;;;;;;;;;;;;;;;;;;;;;;;;;;;;;;;;;;;;;;;;
;;;;;;;;;;;;;;;;;;;;;;;;;;;;;;;;;;;;;;;;;;;
;;;;;;;;;;;;;;;;;;;;;;;;;;;;;;;;;;;;;;;;;;;
;;;;;;;;;;;;;;;;;;;;;;;;;;;;;;;;;;;;;;;;;;;
;;;;;;;;;;;;;;;;;;;;;;;;;;;;;;;;;;;;;;;;;;;
;;;;;;;;;;;;;;;;;;;;;;;;;;;;;;;;;;;;;;;;;;;
;;;;;;;;;;;;;;;;;;;;;;;;;;;;;;;;;;;;;;;;;;;
;;;;;;;;;;;;;;;;;;;;;;;;;;;;;;;;;;;;;;;;;;;
;;;;;;;;;;;;;;;;;;;;;;;;;;;;;;;;;;;;;;;;;;;
;;;;;;;;;;;;;;;;;;;;;;;;;;;;;;;;;;;;;;;;;;;
;;;;;;;;;;;;;;;;;;;;;;;;;;;;;;;;;;;;;;;;;;;
;;;;;;;;;;;;;;;;;;;;;;;;;;;;;;;;;;;;;;;;;;;
;;;;;;;;;;;;;;;;;;;;;;;;;;;;;;;;;;;;;;;;;;;
;;;;;;;;;;;;;;;;;;;;;;;;;;;;;;;;;;;;;;;;;;;
;;;;;;;;;;;;;;;;;;;;;;;;;;;;;;;;;;;;;;;;;;;
;;;;;;;;;;;;;;;;;;;;;;;;;;;;;;;;;;;;;;;;;;;
;;;;;;;;;;;;;;;;;;;;;;;;;;;;;;;;;;;;;;;;;;;
;;;;;;;;;;;;;;;;;;;;;;;;;;;;;;;;;;;;;;;;;;;
;;;;;;;;;;;;;;;;;;;;;;;;;;;;;;;;;;;;;;;;;;;
;;;;;;;;;;;;;;;;;;;;;;;;;;;;;;;;;;;;;;;;;;;
;;;;;;;;;;;;;;;;;;;;;;;;;;;;;;;;;;;;;;;;;;;
;;;;;;;;;;;;;;;;;;;;;;;;;;;;;;;;;;;;;;;;;;;
;;;;;;;;;;;;;;;;;;;;;;;;;;;;;;;;;;;;;;;;;;;
;;;;;;;;;;;;;;;;;;;;;;;;;;;;;;;;;;;;;;;;;;;
;;;;;;;;;;;;;;;;;;;;;;;;;;;;;;;;;;;;;;;;;;;
;;;;;;;;;;;;;;;;;;;;;;;;;;;;;;;;;;;;;;;;;;;
;;;;;;;;;;;;;;;;;;;;;;;;;;;;;;;;;;;;;;;;;;;
;;;;;;;;;;;;;;;;;;;;;;;;;;;;;;;;;;;;;;;;;;;
;;;;;;;;;;;;;;;;;;;;;;;;;;;;;;;;;;;;;;;;;;;
;;;;;;;;;;;;;;;;;;;;;;;;;;;;;;;;;;;;;;;;;;;
;;;;;;;;;;;;;;;;;;;;;;;;;;;;;;;;;;;;;;;;;;;
;;;;;;;;;;;;;;;;;;;;;;;;;;;;;;;;;;;;;;;;;;;
;;;;;;;;;;;;;;;;;;;;;;;;;;;;;;;;;;;;;;;;;;;
;;;;;;;;;;;;;;;;;;;;;;;;;;;;;;;;;;;;;;;;;;;
;;;;;;;;;;;;;;;;;;;;;;;;;;;;;;;;;;;;;;;;;;;
;;;;;;;;;;;;;;;;;;;;;;;;;;;;;;;;;;;;;;;;;;;
;;;;;;;;;;;;;;;;;;;;;;;;;;;;;;;;;;;;;;;;;;;
;;;;;;;;;;;;;;;;;;;;;;;;;;;;;;;;;;;;;;;;;;;
;;;;;;;;;;;;;;;;;;;;;;;;;;;;;;;;;;;;;;;;;;;
;;;;;;;;;;;;;;;;;;;;;;;;;;;;;;;;;;;;;;;;;;;
;;;;;;;;;;;;;;;;;;;;;;;;;;;;;;;;;;;;;;;;;;;
;;;;;;;;;;;;;;;;;;;;;;;;;;;;;;;;;;;;;;;;;;;
;;;;;;;;;;;;;;;;;;;;;;;;;;;;;;;;;;;;;;;;;;;
